ARC-1906009-MOD-NBH-00M-NL-0001-RVT,ARC-1906009-MOD-NBH-00M-NL-0001-RVT[,09,] - BUNDABERG BUILDINGS,.rvt,ARC-1906009-MOD-NBH-00M-NL-0001-RVT,BUNDABERG BUILDINGS - REVIT FILE
ARC-1906009-MOD-NBH-00M-NL-0001-NWC,ARC-1906009-MOD-NBH-00M-NL-0001-NWC[,09,] - BUNDABERG BUILDINGS,.nwc,ARC-1906009-MOD-NBH-00M-NL-0001-NWC,BUNDABERG BUILDINGS - NAVIS FILE
ARC-1906009-MOD-NBH-00M-NL-0001-IFC,ARC-1906009-MOD-NBH-00M-NL-0001-IFC[,09,] - BUNDABERG BUILDINGS,.ifc,ARC-1906009-MOD-NBH-00M-NL-0001-IFC,BUNDABERG BUILDINGS - IFC FILE
ARC-1906009-MOD-NBH-00M-NL-0099-RVT,ARC-1906009-MOD-NBH-00M-NL-0099-RVT[,02,] - BUNDABERG GRIDS AND LEVELS,.rvt,ARC-1906009-MOD-NBH-00M-NL-0099-RVT,BUNDABERG GRIDS AND LEVELS - REVIT FILE
ARC-1906009-MOD-NBH-00M-NL-0099-NWC,ARC-1906009-MOD-NBH-00M-NL-0099-NWC[,-,] - BUNDABERG GRIDS AND LEVELS,.nwc,ARC-1906009-MOD-NBH-00M-NL-0099-NWC,BUNDABERG GRIDS AND LEVELS - NAVIS FILE
ARC-1906009-MOD-NBH-00M-NL-0099-IFC,ARC-1906009-MOD-NBH-00M-NL-0099-IFC[,-,] - BUNDABERG GRIDS AND LEVELS,.ifc,ARC-1906009-MOD-NBH-00M-NL-0099-IFC,BUNDABERG GRIDS AND LEVELS - IFC FILE
ARC-1906009-MOD-NBH-00M-NL-0000-RVT,ARC-1906009-MOD-NBH-00M-NL-0000-RVT[,03,] - BUNDABERG SITE,.rvt,ARC-1906009-MOD-NBH-00M-NL-0000-RVT,BUNDABERG SITE - REVIT FILE
ARC-1906009-MOD-NBH-00M-NL-0000-NWC,ARC-1906009-MOD-NBH-00M-NL-0000-NWC[,03,] - BUNDABERG SITE,.nwc,ARC-1906009-MOD-NBH-00M-NL-0000-NWC,BUNDABERG SITE - NAVIS FILE
ARC-1906009-MOD-NBH-00M-NL-0000-IFC,ARC-1906009-MOD-NBH-00M-NL-0000-IFC[,03,] - BUNDABERG SITE,.ifc,ARC-1906009-MOD-NBH-00M-NL-0000-IFC,BUNDABERG SITE - IFC FILE
ARC-1906009-MOD-NBH-00M-NL-0101-RVT,ARC-1906009-MOD-NBH-00M-NL-0101-RVT[,-,] - BUNDABERG CAD LINKS,.rvt,ARC-1906009-MOD-NBH-00M-NL-0101-RVT,BUNDABERG CAD LINKS
ARC-1906009-MOD-NBH-00M-NL-0102-RVT,ARC-1906009-MOD-NBH-00M-NL-0102-RVT[,-,] - BUNDABERG CAD SURVEY,.rvt,ARC-1906009-MOD-NBH-00M-NL-0102-RVT,BUNDABERG CAD SURVEY
