Window_Clean Room_PassThrough_DWWH_506.rfa,Window_CleanRoom_PassThrough_DWWH_506.rfa
Equipotential Junction Box_ELBO_005.rfa,EquipotentialJunctionBox_ELBO_005.rfa
Switch_Lighting Control System_ELBO_524.rfa,Switch_LightingControlSystem_ELBO_524.rfa
ControlPanel_Switchable_Electrochromic Glass_ELBO_566.rfa,ControlPanel_Switchable_ElectrochromicGlass_ELBO_566.rfa
GPO_Emergency Power_Double_Operating TableMounted_ELGP_552.rfa,GPO_EmergencyPower_Double_OperatingTableMounted_ELGP_552.rfa
Socket_UPS starter_SoftWiredPower_WallMounted_ELGP_555.rfa,Socket_UPSstarter_SoftWiredPower_WallMounted_ELGP_555.rfa
UPS_Status Indicator_ELPR_007.rfa,UPS_StatusIndicator_ELPR_007.rfa
UPS_Status Indicator_Pendant_ELPR_502.rfa,UPS_StatusIndicator_Pendant_ELPR_502.rfa
UPS_Status Indicator_MSP_ELPR_503.rfa,UPS_StatusIndicator_MSP_ELPR_503.rfa
Dispenser_Sticker Roll_FIDI_052.rfa,Dispenser_StickerRoll_FIDI_052.rfa
Dispenser_Cleaning Wipes_FIDI_504.rfa,Dispenser_CleaningWipes_FIDI_504.rfa
Dispenser_Personal Protective Equipment_Standard_WallMounted_FIDI_516.rfa,Dispenser_PersonalProtectiveEquipment_Standard_WallMounted_FIDI_516.rfa
Dispenser_Personal Protective Equipment_Mini_WallMounted_FIDI_521.rfa,Dispenser_PersonalProtectiveEquipment_Mini_WallMounted_FIDI_521.rfa
Dispenser_AlcoholBasedSkinRub_ SurgicalScrub_FIDI_550.rfa,Dispenser_AlcoholBasedSkinRub_SurgicalScrub_FIDI_550.rfa
Dispenser_Povidone Iodine_FIDI_553.rfa,Dispenser_PovidoneIodine_FIDI_553.rfa
Holder_A4 Poster_Clip Frame_WallMounted_FIDI_554.rfa,Holder_A4Poster_ClipFrame_WallMounted_FIDI_554.rfa
Chute System_Laundry_FIGE_530.rfa,ChuteSystem_Laundry_FIGE_530.rfa
Enclosure_DisplayScreen_TV Protection_WallMounted_AntiLigature_FIGE_531.rfa,Enclosure_DisplayScreen_TVProtection_WallMounted_AntiLigature_FIGE_531.rfa
Bracket_Observation Camera_CeilingMounted_FIHR_077.rfa,Bracket_ObservationCamera_CeilingMounted_FIHR_077.rfa
Bracket_Cleaning Wipes Dispenser_FIHR_501.rfa,Bracket_CleaningWipesDispenser_FIHR_501.rfa
Bracket_With Holder_Transport Cardiac Monitor_FIHR_526.rfa,Bracket_WithHolder_TransportCardiacMonitor_FIHR_526.rfa
Cable Management_Basket_Joinery Integrated_Under Desktop_BenchMounted_FIHR_537.rfa,CableManagement_Basket_JoineryIntegrated_UnderDesktop_BenchMounted_FIHR_537.rfa
Bracket_DisplayScreen_Bench Mounted_FIHR_538.rfa,Bracket_DisplayScreen_BenchMounted_FIHR_538.rfa
Bracket_Diagnostic Set_WallMounted_FIHR_540.rfa,Bracket_DiagnosticSet_WallMounted_FIHR_540.rfa
Bracket_Monitor_Articulated Pivot_Counter_DeskMounted_FIHR_542.rfa,Bracket_Monitor_ArticulatedPivot_Counter_DeskMounted_FIHR_542.rfa
Panel_Modular Storage_For Sharps Bins_WallMounted_FIHR_562.rfa,Panel_ModularStorage_ForSharpsBins_WallMounted_FIHR_562.rfa
Bracket_Suction Bottle_Pendant_FIHR_580.rfa,Bracket_SuctionBottle_Pendant_FIHR_580.rfa
Bracket_Telemedicine Camera_CeilingMounted_FIHR_582.rfa,Bracket_TelemedicineCamera_CeilingMounted_FIHR_582.rfa
Hook_Lead Apron_WallMounted_FoldUp_FIHR_593.rfa,Hook_LeadApron_WallMounted_FoldUp_FIHR_593.rfa
ShelvingUnit_WallMount_Fixed_Shelves Microwave_FIJO_154.rfa,ShelvingUnit_WallMount_Fixed_ShelvesMicrowave_FIJO_154.rfa
BedHead_MentalHealth_PartHeight_IntegratedSideTablePocket helf_FIJO_210_1.rfa,BedHead_MentalHealth_PartHeight_IntegratedSideTablePockethelf_FIJO_210_1.rfa
Cupboard_Tall_DoubleDoor_Glazed_Catheter Hanging_FIJO_220.rfa,Cupboard_Tall_DoubleDoor_Glazed_CatheterHanging_FIJO_220.rfa
Cupboard_Tall_SingleDoor_AdjShelves_ClothesRail_Shelf to Top_DoorShortSide_FIJO_524_10.rfa,Cupboard_Tall_SingleDoor_AdjShelves_ClothesRail_ShelftoTop_DoorShortSide_FIJO_524_10.rfa
Cupboard_Tall_SingleDoor_AdjShelves_ClothesRail_Shelf to Top_DoorShortSide_Lockable_FIJO_524_10.rfa,Cupboard_Tall_SingleDoor_AdjShelves_ClothesRail_ShelftoTop_DoorShortSide_Lockable_FIJO_524_10.rfa
Cupboard_Tall_SingleDoor_AdjShelves_ClothesRail_Shelf to Top_DoorShortSide_FIJO_524_11.rfa,Cupboard_Tall_SingleDoor_AdjShelves_ClothesRail_ShelftoTop_DoorShortSide_FIJO_524_11.rfa
Cupboard_Tall_Single Door_AdjShelves_ClothesRail_CurvedEnd_DoorLongSide_FIJO_524_6.rfa,Cupboard_Tall_SingleDoor_AdjShelves_ClothesRail_CurvedEnd_DoorLongSide_FIJO_524_6.rfa
JoineryUnit_Baby Change_FullyIntegratedSink_MoldedChangingArea_FIJO_543.rfa,JoineryUnit_BabyChange_FullyIntegratedSink_MoldedChangingArea_FIJO_543.rfa
JoineryUnit_Bespoke Cardiac Theatre Patient Frame Hanging Rack_FIJO_551_33.rfa,JoineryUnit_BespokeCardiacTheatrePatientFrameHangingRack_FIJO_551_33.rfa
JoineryUnit_Baby Change_FullyIntegrated Sink_MoldedChangingArea_IntegratedBinStorageCupboard_FIJO_551_39.rfa,JoineryUnit_BabyChange_FullyIntegratedSink_MoldedChangingArea_IntegratedBinStorageCupboard_FIJO_551_39.rfa
JoineryUnit_BabyChange_Fully IntegratedSinkMoldedChangingArea_IntegratedBinStorageCupboard_FIJO_551_39.rfa,JoineryUnit_BabyChange_FullyIntegratedSinkMoldedChangingArea_IntegratedBinStorageCupboard_FIJO_551_39.rfa
JoineryUnit_Tall_BrochureDisplayUnit_IntegratedDoubleDoor CupboardUnder_FIJO_551_9.rfa,JoineryUnit_Tall_BrochureDisplayUnit_IntegratedDoubleDoorCupboardUnder_FIJO_551_9.rfa
Cupboard_Tall_OpenMicrowavePocket_Shelf Above_DoubleDoorCupboardBelow_750W 600D 2100H_FIJO_572.rfa,Cupboard_Tall_OpenMicrowavePocket_ShelfAbove_DoubleDoorCupboardBelow_750W600D2100H_FIJO_572.rfa
Cupboard_Tall_Open2xMicrowavePocket_DoubleDoorCupboardBelow_750W 600D 2100H_FIJO_605.rfa,Cupboard_Tall_Open2xMicrowavePocket_DoubleDoorCupboardBelow_750W600D2100H_FIJO_605.rfa
Cupboard_WallMount_Infill_Accessible Dispenser Mounting_ReferPlansForExtent_FIJO_802.rfa,Cupboard_WallMount_Infill_AccessibleDispenserMounting_ReferPlansForExtent_FIJO_802.rfa
Cupboard_Tall_SingleDoor_AdjShelves_ClothesRail_IntegratedFlowerShelf_Bulkhead Above_FIJO_807.rfa,Cupboard_Tall_SingleDoor_AdjShelves_ClothesRail_IntegratedFlowerShelf_BulkheadAbove_FIJO_807.rfa
Lounge_Fixed_ 1Seat_PullOutCarerDayBed_CovedSkirting_UpholsteredSeat_BackrestMattress_FIJO_811.rfa,Lounge_Fixed_1Seat_PullOutCarerDayBed_CovedSkirting_UpholsteredSeat_BackrestMattress_FIJO_811.rfa
Cupboard_Enclosure_Wheelie Bin_WithAccessOpening_FIJO_815.rfa,Cupboard_Enclosure_WheelieBin_WithAccessOpening_FIJO_815.rfa
Chair_Cafe_Internal_4 Leg Base_Stackable_FQBS_529.rfa,Chair_Cafe_Internal_4LegBase_Stackable_FQBS_529.rfa
Lounge_2 Seat_MentalHealth_FQBS_564.rfa,Lounge_2Seat_MentalHealth_FQBS_564.rfa
Bin_Recycling Toner_FQCW_002.rfa,Bin_RecyclingToner_FQCW_002.rfa
Enclosure_Waste Bin_Internal_Lockable_FQCW_542.rfa,Enclosure_WasteBin_Internal_Lockable_FQCW_542.rfa
Desk_Straight_FixedHeight_Conference End_1600W_800D_720H_FQDW_534.rfa,Desk_Straight_FixedHeight_ConferenceEnd_1600W_800D_720H_FQDW_534.rfa
Workstation_Cabinet_WallMounted_Lockable_Computer_Fold Out Keyboard Tray_FQDW_559.rfa,Workstation_Cabinet_WallMounted_Lockable_Computer_FoldOutKeyboardTray_FQDW_559.rfa
Workstation_120 Degree_AdjHeight_ElectronicSitToStand_1800W_750D_610_1350H_FQDW_560.rfa,Workstation_120Degree_AdjHeight_ElectronicSitToStand_1800W_750D_610_1350H_FQDW_560.rfa
Dryer_Hand_ Standard_Accessible_FQGE_018_1.rfa,Dryer_Hand_Standard_Accessible_FQGE_018_1.rfa
Dryer_Hand_ Top Drying_Dyson_FQGE_018_2.rfa,Dryer_Hand_TopDrying_Dyson_FQGE_018_2.rfa
Trolley_Cage_For Mattresses_StainlessSteel_1850W_1450D_1250H_FQGE_512_1.rfa,Trolley_Cage_ForMattresses_StainlessSteel_1850W_1450D_1250H_FQGE_512_1.rfa
Trolley_Flatbed_1 Tier_Wire Sides_920W_610D_1000H_FQGE_514_1.rfa,Trolley_Flatbed_1Tier_WireSides_920W_610D_1000H_FQGE_514_1.rfa
Trolley_Flatbed_2 Tier_Wire Sides_920W_610D_1000H_FQGE_514_2.rfa,Trolley_Flatbed_2Tier_WireSides_920W_610D_1000H_FQGE_514_2.rfa
Box_SampleCollection_Holding_Police Service_FQGE_527.rfa,Box_SampleCollection_Holding_PoliceService_FQGE_527.rfa
ChargingStation_Battery Packs_WallMounted_ClinicalWorkDevices_FQGE_611_6.rfa,ChargingStation_BatteryPacks_WallMounted_ClinicalWorkDevices_FQGE_611_6.rfa
Toy_Childrens Play_Operating Trolley_FQGE_617_1.rfa,Toy_ChildrensPlay_OperatingTrolley_FQGE_617_1.rfa
Station_Wheelchair Parking Depot_FQGE_619.rfa,Station_WheelchairParkingDepot_FQGE_619.rfa
Pedestal_Mobile_2 StandardEqualDrawerUnit_LamintateFinish_Lockable_660H_FQSM_040.rfa,Pedestal_Mobile_2StandardEqualDrawerUnit_LamintateFinish_Lockable_660H_FQSM_040.rfa
Pedestal_Mobile_Two Small_OneLarge_DrawerUnit_450W_550D_600H_FQSM_530.rfa,Pedestal_Mobile_TwoSmall_OneLarge_DrawerUnit_450W_550D_600H_FQSM_530.rfa
Bin_Pharmacy Returns_FloorMounted_FQSN_005.rfa,Bin_PharmacyReturns_FloorMounted_FQSN_005.rfa
Cabinet_Coat_Shoes valet_FQSN_014.rfa,Cabinet_Coat_Shoesvalet_FQSN_014.rfa
Table_Cafe_Square_High Performance Finish_Folding_Stackable_900W_900D_750H_FQTA_513.rfa,Table_Cafe_Square_HighPerformanceFinish_Folding_Stackable_900W_900D_750H_FQTA_513.rfa
FireExtinguisher_VaporizingLiquid_MRI _FSPV_510.rfa,FireExtinguisher_VaporizingLiquid_MRI_FSPV_510.rfa
2D_Hospital Bed_GEN.rfa,2D_HospitalBed_GEN.rfa
Bath_Adjustable Height_Hydraulic_HYBA_021.rfa,Bath_AdjustableHeight_Hydraulic_HYBA_021.rfa
Drain_BoilingWaterUnit_Benchtop Font_HYDR_002.rfa,Drain_BoilingWaterUnit_BenchtopFont_HYDR_002.rfa
Tapware_Sensor_WallMounted_Gooseneck Spout_HYTP_042_1.rfa,Tapware_Sensor_WallMounted_GooseneckSpout_HYTP_042_1.rfa
Tapware_Sensor_WallMounted_Straight Spout_HYTP_042_2.rfa,Tapware_Sensor_WallMounted_StraightSpout_HYTP_042_2.rfa
Tapware_Mixer_Elbow Levers_HobMounted_HYTP_507.rfa,Tapware_Mixer_ElbowLevers_HobMounted_HYTP_507.rfa
Projector_Sensory Therapy_Interactive_ITAV_551.rfa,Projector_SensoryTherapy_Interactive_ITAV_551.rfa
ControlPanel_Patient Entertainment_Pendant_ITBU_512.rfa,ControlPanel_PatientEntertainment_Pendant_ITBU_512.rfa
SP_Control Panel_Patient Entertainment_ITBU_512.rfa,SP_ControlPanel_PatientEntertainment_ITBU_512.rfa
Button_NurseCall_Emergency_Code Blue_WholeHospitalAlert_ITCL_548.rfa,Button_NurseCall_Emergency_CodeBlue_WholeHospitalAlert_ITCL_548.rfa
Patch Panel_Data Integration_Pendant_ITIN_501.rfa,PatchPanel_DataIntegration_Pendant_ITIN_501.rfa
SP_Patch Panel_Data Integration_ITIN_501.rfa,SP_PatchPanel_DataIntegration_ITIN_501.rfa
Outlet_Data_Double_Outside Room_ITIN_526.rfa,Outlet_Data_Double_OutsideRoom_ITIN_526.rfa
Computer_Display Screen_Keyboard_DeskMounted_ITNE_528.rfa,Computer_DisplayScreen_Keyboard_DeskMounted_ITNE_528.rfa
Computer_ACT Government_Lockable Wallmounted Workstation Cabinet_ITNE_546.rfa,Computer_ACTGovernment_LockableWallmountedWorkstationCabinet_ITNE_546.rfa
Control_DoorLockingWithOccupancyIndicator_Accessible_OutsideRoom_Side Wall_ITSE_526.rfa,Control_DoorLockingWithOccupancyIndicator_Accessible_OutsideRoom_SideWall_ITSE_526.rfa
Door Release_Break Glass_Ermergency Override _ITSE_545.rfa,DoorRelease_BreakGlass_ErmergencyOverride_ITSE_545.rfa
DoorRelease_BreakGlass_ErmergencyOverride _ITSE_545.rfa,DoorRelease_BreakGlass_ErmergencyOverride_ITSE_545.rfa
Light_Artificial Skylight Panel_CeilingMounted_Recessed_LIFX_516.rfa,Light_ArtificialSkylightPanel_CeilingMounted_Recessed_LIFX_516.rfa
Light_NightLight_Joinery Integrated_Recessed Srip_TamperProof_LIFX_517.rfa,Light_NightLight_JoineryIntegrated_RecessedSrip_TamperProof_LIFX_517.rfa
Device_Standing Frame_MMAH_014.rfa,Device_StandingFrame_MMAH_014.rfa
Rail System_Exercise_ResistanceBand_WallMounted_MMAH_531.rfa,RailSystem_Exercise_ResistanceBand_WallMounted_MMAH_531.rfa
Step_Platform_Training_Exercise_Set Of 4_Nesting_MMAH_533.rfa,Step_Platform_Training_Exercise_SetOf4_Nesting_MMAH_533.rfa
Bicycle_Exercice_Stress Testing_MMAH_537.rfa,Bicycle_Exercice_StressTesting_MMAH_537.rfa
Bed_Patient_Trolley_Bed To Chair_MMBE_516.rfa,Bed_Patient_Trolley_BedToChair_MMBE_516.rfa
Lifter_Patient_CeilingMounted_Double Track_H_Shape_MMBE_559.rfa,Lifter_Patient_CeilingMounted_DoubleTrack_H_Shape_MMBE_559.rfa
Device_Dental Handpiece Processor_Instrument Oiling_Lubricating_MMDN_502.rfa,Device_DentalHandpieceProcessor_InstrumentOiling_Lubricating_MMDN_502.rfa
Chair_Patient_Height Adjustable_High Back_With Arms_Bariatric_MMGE_020.rfa,Chair_Patient_HeightAdjustable_HighBack_WithArms_Bariatric_MMGE_020.rfa
DiagnosticSet_Portable_Mobile Stand_MMGE_030_2.rfa,DiagnosticSet_Portable_MobileStand_MMGE_030_2.rfa
Space For_Medication Dispenser_Automated_MMGE_053.rfa,SpaceFor_MedicationDispenser_Automated_MMGE_053.rfa
Monitor_Patient_Cerebral Oximeter_MMGE_069.rfa,Monitor_Patient_CerebralOximeter_MMGE_069.rfa
SP_Suction Bottle_MMGE_100.rfa,SP_SuctionBottle_MMGE_100.rfa
Suction Bottle_Pendant_MMGE_100.rfa,SuctionBottle_Pendant_MMGE_100.rfa
Trolley_Epidural_2 Drawers_MMGE_118.rfa,Trolley_Epidural_2Drawers_MMGE_118.rfa
Dispenser_Personal Protective Equipment_Mobile Stand_On Castors_MMGE_137.rfa,Dispenser_PersonalProtectiveEquipment_MobileStand_OnCastors_MMGE_137.rfa
Processor_Reverse Osmosis RO Water_Mobile_MMGE_178.rfa,Processor_ReverseOsmosisROWater_Mobile_MMGE_178.rfa
Device_Fluid Warmer_MMGE_531.rfa,Device_FluidWarmer_MMGE_531.rfa
Trolley_GasCylinder_Multiple_C Size_12 Cylinder_MMGE_579_3.rfa,Trolley_GasCylinder_Multiple_CSize_12Cylinder_MMGE_579_3.rfa
Floor Mat_Anti Fatigue_MMGE_600.rfa,FloorMat_AntiFatigue_MMGE_600.rfa
Scales_Wheelchair_Sit or Stand_Fixed_MMGE_636.rfa,Scales_Wheelchair_SitorStand_Fixed_MMGE_636.rfa
Wheelchair_for scales_MMGE_652.rfa,Wheelchair_forscales_MMGE_652.rfa
Trolley_Malignant Hyperthermia_MMGE_655.rfa,Trolley_MalignantHyperthermia_MMGE_655.rfa
Scales_Patient_Floor Recessed_MMGE_676.rfa,Scales_Patient_FloorRecessed_MMGE_676.rfa
Lifter_Fork Case Stacker_Adjustable_MMGE_694.rfa,Lifter_ForkCaseStacker_Adjustable_MMGE_694.rfa
Lifter_Fork Case Stacker_Adjustable_Mobile_MMGE_695.rfa,Lifter_ForkCaseStacker_Adjustable_Mobile_MMGE_695.rfa
Monitor_Video Intubating Scope_MMGE_751.rfa,Monitor_VideoIntubatingScope_MMGE_751.rfa
Diagnostic Set_Ear Speculum Cap Dispenser_WallMounted_MMGE_784.rfa,DiagnosticSet_EarSpeculumCapDispenser_WallMounted_MMGE_784.rfa
Cart_Emergency_Paediatric_Broselow Coloured Drawers_MMGE_787.rfa,Cart_Emergency_Paediatric_BroselowColouredDrawers_MMGE_787.rfa
Trolley_CleanLinen_4 Rack_Wire_MMGE_791.rfa,Trolley_CleanLinen_4Rack_Wire_MMGE_791.rfa
Trolley_TOE Probe_Transport_MMGE_796.rfa,Trolley_TOEProbe_Transport_MMGE_796.rfa
Fridge_Breast Milk_Underbench_MMGE_797.rfa,Fridge_BreastMilk_Underbench_MMGE_797.rfa
DockingStation_Infusion Pump_MRI_MMGE_798.rfa,DockingStation_InfusionPump_MRI_MMGE_798.rfa
Rack_Catheter  Storage_Mobile_MMGE_799.rfa,Rack_CatheterStorage_Mobile_MMGE_799.rfa
IV_Stand_Operating Table Mounted_MMGE_800.rfa,IV_Stand_OperatingTableMounted_MMGE_800.rfa
Device_Docking Station_Quad Glucometer_Blood Glucose_MMGE_802.rfa,Device_DockingStation_QuadGlucometer_BloodGlucose_MMGE_802.rfa
Trolley_Storage_WireBaskets_ TopShelfCover_CardiacPatientPositioningEquipment_MMGE_804.rfa,Trolley_Storage_WireBaskets_TopShelfCover_CardiacPatientPositioningEquipment_MMGE_804.rfa
MedicationDispenser_Auxiliary Drawer Unit_Single Column_FullHeight_MMGE_807.rfa,MedicationDispenser_AuxiliaryDrawerUnit_SingleColumn_FullHeight_MMGE_807.rfa
Defibrillator External_AED_WallMounted_Comes With Cabinet_MMHA_509.rfa,DefibrillatorExternal_AED_WallMounted_ComesWithCabinet_MMHA_509.rfa
Device_Extracorporeal Membrane Oxygenation_ECMO_MMHA_517.rfa,Device_ExtracorporealMembraneOxygenation_ECMO_MMHA_517.rfa
Monitor_Patient_Conditional_Remote Screen_MRI_MMHA_555.rfa,Monitor_Patient_Conditional_RemoteScreen_MRI_MMHA_555.rfa
Monitor_Patient_Cardiac_Observation_Theatre TableMounted_MMHA_557.rfa,Monitor_Patient_Cardiac_Observation_TheatreTableMounted_MMHA_557.rfa
Monitor_Bispectural Index_BIS_MMHA_558.rfa,Monitor_BispecturalIndex_BIS_MMHA_558.rfa
Trolley_Steam Steriliser_Load_Unload_Automatic_MMIC_073.rfa,Trolley_SteamSteriliser_Load_Unload_Automatic_MMIC_073.rfa
Trolley_Steam Steriliser_Transfer_Load_Unload_FixedHeight_MMIC_074.rfa,Trolley_SteamSteriliser_Transfer_Load_Unload_FixedHeight_MMIC_074.rfa
Washer_Trolley_Cart Disinfector_MMIC_081.rfa,Washer_Trolley_CartDisinfector_MMIC_081.rfa
Lifter_SSD ElectricWallMounted_MMIC_123.rfa,Lifter_SSDElectricWallMounted_MMIC_123.rfa
Trolley_Transfer Table_MMIC_513.rfa,Trolley_TransferTable_MMIC_513.rfa
Washer_Ultrasound Probe_MMIC_542.rfa,Washer_UltrasoundProbe_MMIC_542.rfa
Cabinet_Endoscope_TOE_Probe Storage_MMIC_543.rfa,Cabinet_Endoscope_TOE_ProbeStorage_MMIC_543.rfa
Camera_SSD_Equipment Receipt_MMIC_561.rfa,Camera_SSD_EquipmentReceipt_MMIC_561.rfa
System_Formalin Dispensing_Automated_Ducted_MMLA_608.rfa,System_FormalinDispensing_Automated_Ducted_MMLA_608.rfa
Trolley_Instrument_FlatTop_2 Tier_FoldingSides_MMMGE_819.rfa,Trolley_Instrument_FlatTop_2Tier_FoldingSides_MMMGE_819.rfa
System_Imaging_Angiography_Single Plane_Floor_MMMI_058.rfa,System_Imaging_Angiography_SinglePlane_Floor_MMMI_058.rfa
Cart_Coil Storage_MRI_MMMI_177.rfa,Cart_CoilStorage_MRI_MMMI_177.rfa
Stand_Ceiling_Traverse Bridge_XRay_MMMI_289.rfa,Stand_Ceiling_TraverseBridge_XRay_MMMI_289.rfa
Lead Screen_Mobile_On Castors_MMMI_338.rfa,LeadScreen_Mobile_OnCastors_MMMI_338.rfa
Device_Imaging_Ultrasound_Bladder Scanner_MMMI_353.rfa,Device_Imaging_Ultrasound_BladderScanner_MMMI_353.rfa
Fluoroscopy_Imaging_Unit_Mobile_Image Intensifier_MMMI_355.rfa,Fluoroscopy_Imaging_Unit_Mobile_ImageIntensifier_MMMI_355.rfa
System_Imaging_DualPlane_Ceiling_Cath Lab_MMMI_385_2.rfa,System_Imaging_DualPlane_Ceiling_CathLab_MMMI_385_2.rfa
ControlUnit_C W Display_Control Box And Keyboard_Interventional OR_MMMI_386_1.rfa,ControlUnit_CWDisplay_ControlBoxAndKeyboard_InterventionalOR_MMMI_386_1.rfa
System_Electrophysiology_Cath Lab_MMMI_398.rfa,System_Electrophysiology_CathLab_MMMI_398.rfa
System_Surgical Navigation_MMMI_552.rfa,System_SurgicalNavigation_MMMI_552.rfa
System_Surgical Navigation_ENT_MMMI_552_1.rfa,System_SurgicalNavigation_ENT_MMMI_552_1.rfa
Device_Imaging_Ultrasound_Cardiac_TOE Probe_MMMI_554.rfa,Device_Imaging_Ultrasound_Cardiac_TOEProbe_MMMI_554.rfa
Device_Imaging_Image Intensifier_C Arm_Mobile_MMMI_564.rfa,Device_Imaging_ImageIntensifier_CArm_Mobile_MMMI_564.rfa
Bucky_Free Standing_General X-Ray_Mobile_MMMI_567.rfa,Bucky_FreeStanding_GeneralX-Ray_Mobile_MMMI_567.rfa
Foot Switch_Angiography Table_MMMI_581.rfa,FootSwitch_AngiographyTable_MMMI_581.rfa
Monitor_Pacing Component Screens_Dual_MMMI_588.rfa,Monitor_PacingComponentScreens_Dual_MMMI_588.rfa
Monitor_3D Mapping Screens_Dual_MMMI_589.rfa,Monitor_3DMappingScreens_Dual_MMMI_589.rfa
Monitor_Micropace Screen_MMMI_590.rfa,Monitor_MicropaceScreen_MMMI_590.rfa
Monitor_Rotablation System_MMMI_591.rfa,Monitor_RotablationSystem_MMMI_591.rfa
Equipment Stack_Surgical_Laparoscopic_MMOP_024.rfa,EquipmentStack_Surgical_Laparoscopic_MMOP_024.rfa
IV POLE_Pendant_MMOP_027.rfa,IVPOLE_Pendant_MMOP_027.rfa
SP_IV Pole_MMOP_027.rfa,SP_IVPole_MMOP_027.rfa
Light_Head_Surgical_Comes With Charging Station_MMOP_035.rfa,Light_Head_Surgical_ComesWithChargingStation_MMOP_035.rfa
Space For_Anaesthetic Machine_MMOP_040_1.rfa,SpaceFor_AnaestheticMachine_MMOP_040_1.rfa
Trolley_Anaesthetic Medication_Lockable_MMOP_552.rfa,Trolley_AnaestheticMedication_Lockable_MMOP_552.rfa
MAchine_Heart Lung_MMOP_555.rfa,MAchine_HeartLung_MMOP_555.rfa
Cell Saver_MMOP_556.rfa,CellSaver_MMOP_556.rfa
Machine_Ultrasonic Surgical Aspirator System_MMOP_565.rfa,Machine_UltrasonicSurgicalAspiratorSystem_MMOP_565.rfa
Table_Operating_Fixed_Break Table_MMOP_574.rfa,Table_Operating_Fixed_BreakTable_MMOP_574.rfa
Device_Activated Clotting Time Machine_MMOP_575.rfa,Device_ActivatedClottingTimeMachine_MMOP_575.rfa
Bag_Pneumatic Pressure_MMOP_579.rfa,Bag_PneumaticPressure_MMOP_579.rfa
Table_Operating_Spinal_Jackson Table_MMOP_580.rfa,Table_Operating_Spinal_JacksonTable_MMOP_580.rfa
Frame_Over Patient_Surgery Drape Protection_MMOP_583.rfa,Frame_OverPatient_SurgeryDrapeProtection_MMOP_583.rfa
Console_Robotic Percutaneous Coronary Intervention_MMOP_586.rfa,Console_RoboticPercutaneousCoronaryIntervention_MMOP_586.rfa
Machine_Anaesthetic_Cardiac Monitor_MMOP_588.rfa,Machine_Anaesthetic_CardiacMonitor_MMOP_588.rfa
Equipment Stack_Surgical_MMOP_596.rfa,EquipmentStack_Surgical_MMOP_596.rfa
Light_DualArm_LargeLight_Monitor_Clinical Camera_MMSP_502.rfa,Light_DualArm_LargeLight_Monitor_ClinicalCamera_MMSP_502.rfa
