Copyright,47e13e0d-b60a-4f64-af2f-64a68745e9aa
Copyright,e65e4b66-6b8f-4272-8483-52012747e547
Copyright,da016879-17a0-454e-8694-9a63b341a771
Copyright ?,7febb362-3622-4b24-a1c2-4fe805dad559
Copyright ?,623a94dc-5a35-434c-8391-9748b5aa9d3c
DetailedCategory,07dd65f3-4cf9-46a0-868a-5f489c937714
ModifiedIssue,01d23264-4f17-4192-9aab-b6713511fcb5
FF&E Comments,ff03c01d-c8f8-437c-ac82-baeda85eebb7
FF&E Issue,eb08c934-e6a0-40e7-9fb8-ff2814488c2a
FF&E Item,37218894-c20c-4cce-bd38-41025abbf693
FF&E Supplier,f9d55497-3cfa-43e1-908a-93e07caae516
Ff&E Comments,ff03c01d-c8f8-437c-ac82-baeda85eebb7
Ff&E Issue,eb08c934-e6a0-40e7-9fb8-ff2814488c2a
Ff&E Item,37218894-c20c-4cce-bd38-41025abbf693
Ff&E Supplier,f9d55497-3cfa-43e1-908a-93e07caae516
drofus_occurrence_id,6cafff0c-ffbe-489c-bd35-3a78b3f66417
drofus_occurrence_id,df6a555c-c634-4d57-9ee8-0024ecd4b34f
MOUNTING_HEIGHT_US_BVN,4007e461-d6d1-43ba-b453-8b61558196db
drofus_room_last_sync,4ecdd6c8-e7fc-4d6d-95f7-b2d1514774c3
LENGTH_BVN,60d0a26d-e5f3-4b77-a22d-2d9a995381ca
