Hatch_MedicationDispensing_PassThroughUnit_DWWH_001,"\\bvn\data\studio\SharedAssets\Revit\RevitContent\CentralHealthLibrary\_Kinship\Doors, Windows & Accessories (DW)\Hatch_MedicationDispensing_PassThroughUnit_DWWH_001.rfa",Specialty Equipment
DirectConnection_Power_WallMounted_ELGE_001,\\bvn\data\studio\SharedAssets\Revit\RevitContent\CentralHealthLibrary\_Kinship\Electrical Services (EL)\DirectConnection_Power_WallMounted_ELGE_001.rfa,Electrical Fixtures
GPO_Single_SpecialEquipment_ELGP_106,\\bvn\data\studio\SharedAssets\Revit\RevitContent\CentralHealthLibrary\_Kinship\Electrical Services (EL)\GPO_Single_SpecialEquipment_ELGP_106.rfa,Electrical Fixtures
GPO_Single_WallMounted_ELGP_109,\\bvn\data\studio\SharedAssets\Revit\RevitContent\CentralHealthLibrary\_Kinship\Electrical Services (EL)\GPO_Single_WallMounted_ELGP_109.rfa,Electrical Fixtures
Outlet_single_StarterSocket_SoftwiredPower_Emergency_WallMounted_ELGP_508,\\bvn\data\studio\SharedAssets\Revit\RevitContent\CentralHealthLibrary\_Kinship\Electrical Services (EL)\Outlet_single_StarterSocket_SoftwiredPower_Emergency_WallMounted_ELGP_508.rfa,Electrical Fixtures
Outlet_single_StarterSocket_SoftwiredPower_Standard_WallMounted_ELGP_505,\\bvn\data\studio\SharedAssets\Revit\RevitContent\CentralHealthLibrary\_Kinship\Electrical Services (EL)\Outlet_single_StarterSocket_SoftwiredPower_Standard_WallMounted_ELGP_505.rfa,Electrical Fixtures
Bench_900D_OpenUnder_LaminateFinsih_Rounded Corner End_900H_FIJO_044_3,\\bvn\data\studio\SharedAssets\Revit\RevitContent\CentralHealthLibrary\_Kinship\Fixtures & Fittings (FI)\Bench_900D_OpenUnder_LaminateFinsih_Rounded Corner End_900H_FIJO_044_3.rfa,Casework
Bracket_Computer_ArticulatedArm_CeilingMounted_FIHR_520,\\bvn\data\studio\SharedAssets\Revit\RevitContent\CentralHealthLibrary\_Kinship\Fixtures & Fittings (FI)\Bracket_Computer_ArticulatedArm_CeilingMounted_FIHR_520.rfa,Furniture
Bracket_DisplayScreen_ArticulatedArm_CeilingMounted_FIHR_516,\\bvn\data\studio\SharedAssets\Revit\RevitContent\CentralHealthLibrary\_Kinship\Fixtures & Fittings (FI)\Bracket_DisplayScreen_ArticulatedArm_CeilingMounted_FIHR_516.rfa,Furniture
Bracket_WithArticulatedDualMonitorArm_MagnifyingGlass_BarcodeScanner_FIHR_514,\\bvn\data\studio\SharedAssets\Revit\RevitContent\CentralHealthLibrary\_Kinship\Fixtures & Fittings (FI)\Bracket_WithArticulatedDualMonitorArm_MagnifyingGlass_BarcodeScanner_FIHR_514.rfa,Furniture
Cupboard_Tall_DoubleDoor_AdjShelves_FIJO_116,\\bvn\data\studio\SharedAssets\Revit\RevitContent\CentralHealthLibrary\_Kinship\Fixtures & Fittings (FI)\Cupboard_Tall_DoubleDoor_AdjShelves_FIJO_116.rfa,Casework
Cupboard_Tall_DoubleDoor_AdjShelves_Lockable_FIJO_117,\\bvn\data\studio\SharedAssets\Revit\RevitContent\CentralHealthLibrary\_Kinship\Fixtures & Fittings (FI)\Cupboard_Tall_DoubleDoor_AdjShelves_Lockable_FIJO_117.rfa,Casework
Cupboard_Tall_DoubleDoor_AdjShelves_NoPlinth_FIJO_558,\\bvn\data\studio\SharedAssets\Revit\RevitContent\CentralHealthLibrary\_Kinship\Fixtures & Fittings (FI)\Cupboard_Tall_DoubleDoor_AdjShelves_NoPlinth_FIJO_558.rfa,Casework
Cupboard_Tall_DoubleDoor_Glazed_AdjShelves_FIJO_221,\\bvn\data\studio\SharedAssets\Revit\RevitContent\CentralHealthLibrary\_Kinship\Fixtures & Fittings (FI)\Cupboard_Tall_DoubleDoor_Glazed_AdjShelves_FIJO_221.rfa,Casework
Cupboard_Tall_DoubleDoor_Glazed_AdjShelves_Lockable_FIJO_214,\\bvn\data\studio\SharedAssets\Revit\RevitContent\CentralHealthLibrary\_Kinship\Fixtures & Fittings (FI)\Cupboard_Tall_DoubleDoor_Glazed_AdjShelves_Lockable_FIJO_214.rfa,Casework
Cupboard_Tall_DoubleDoor_Glazed_PharmacyShelves_Locakable_FIJO_596,\\bvn\data\studio\SharedAssets\Revit\RevitContent\CentralHealthLibrary\_Kinship\Fixtures & Fittings (FI)\Cupboard_Tall_DoubleDoor_Glazed_PharmacyShelves_Locakable_FIJO_596.rfa,Casework
Cupboard_Tall_DoubleDoor_Lockable_Vent_FIJO_625,\\bvn\data\studio\SharedAssets\Revit\RevitContent\CentralHealthLibrary\_Kinship\Fixtures & Fittings (FI)\Cupboard_Tall_DoubleDoor_Lockable_Vent_FIJO_625.rfa,Casework
Cupboard_Tall_DoubleDoor_SlidingGlazed_AdjShelves_FIJO_121,\\bvn\data\studio\SharedAssets\Revit\RevitContent\CentralHealthLibrary\_Kinship\Fixtures & Fittings (FI)\Cupboard_Tall_DoubleDoor_SlidingGlazed_AdjShelves_FIJO_121.rfa,Casework
Cupboard_Tall_SingleDoor_AdjShelves_FIJO_129,\\bvn\data\studio\SharedAssets\Revit\RevitContent\CentralHealthLibrary\_Kinship\Fixtures & Fittings (FI)\Cupboard_Tall_SingleDoor_AdjShelves_FIJO_129.rfa,Casework
Cupboard_Tall_SingleDoor_AdjShelves_Lockable_FIJO_131,\\bvn\data\studio\SharedAssets\Revit\RevitContent\CentralHealthLibrary\_Kinship\Fixtures & Fittings (FI)\Cupboard_Tall_SingleDoor_AdjShelves_Lockable_FIJO_131.rfa,Casework
Cupboard_Tall_SingleDoor_AdjShelves_Lockable_Medication_FIJO_565,\\bvn\data\studio\SharedAssets\Revit\RevitContent\CentralHealthLibrary\_Kinship\Fixtures & Fittings (FI)\Cupboard_Tall_SingleDoor_AdjShelves_Lockable_Medication_FIJO_565.rfa,Casework
Cupboard_Tall_SingleDoor_AdjShelves_NoPlinth_FIJO_557,\\bvn\data\studio\SharedAssets\Revit\RevitContent\CentralHealthLibrary\_Kinship\Fixtures & Fittings (FI)\Cupboard_Tall_SingleDoor_AdjShelves_NoPlinth_FIJO_557.rfa,Casework
Cupboard_Tall_SingleDoor_FixedShelves_AntiLigature_FIJO_133,\\bvn\data\studio\SharedAssets\Revit\RevitContent\CentralHealthLibrary\_Kinship\Fixtures & Fittings (FI)\Cupboard_Tall_SingleDoor_FixedShelves_AntiLigature_FIJO_133.rfa,Casework
Cupboard_Tall_WallOven_FIJO_567,\\bvn\data\studio\SharedAssets\Revit\RevitContent\CentralHealthLibrary\_Kinship\Fixtures & Fittings (FI)\Cupboard_Tall_WallOven_FIJO_567.rfa,Casework
Cupboard_UnderBench_DoubleDoor_AdjShelves_FIJO_135,\\bvn\data\studio\SharedAssets\Revit\RevitContent\CentralHealthLibrary\_Kinship\Fixtures & Fittings (FI)\Cupboard_UnderBench_DoubleDoor_AdjShelves_FIJO_135.rfa,Casework
Cupboard_UnderBench_DoubleDoor_AdjShelves_Lockable_FIJO_136,\\bvn\data\studio\SharedAssets\Revit\RevitContent\CentralHealthLibrary\_Kinship\Fixtures & Fittings (FI)\Cupboard_UnderBench_DoubleDoor_AdjShelves_Lockable_FIJO_136.rfa,Casework
Cupboard_UnderBench_DoubleDoor_AdjShelves_Mobile_FIJO_505,\\bvn\data\studio\SharedAssets\Revit\RevitContent\CentralHealthLibrary\_Kinship\Fixtures & Fittings (FI)\Cupboard_UnderBench_DoubleDoor_AdjShelves_Mobile_FIJO_505.rfa,Casework
Cupboard_UnderBench_DoubleDoor_FixedShelves_FIJO_514,\\bvn\data\studio\SharedAssets\Revit\RevitContent\CentralHealthLibrary\_Kinship\Fixtures & Fittings (FI)\Cupboard_UnderBench_DoubleDoor_FixedShelves_FIJO_514.rfa,Casework
Cupboard_UnderBench_DoubleDoor_NoPlinth_FIJO_647,\\bvn\data\studio\SharedAssets\Revit\RevitContent\CentralHealthLibrary\_Kinship\Fixtures & Fittings (FI)\Cupboard_UnderBench_DoubleDoor_NoPlinth_FIJO_647.rfa,Casework
Cupboard_UnderBench_DoubleDoor_NoShelves_NoToeplate_Lockable_FIJO_184,\\bvn\data\studio\SharedAssets\Revit\RevitContent\CentralHealthLibrary\_Kinship\Fixtures & Fittings (FI)\Cupboard_UnderBench_DoubleDoor_NoShelves_NoToeplate_Lockable_FIJO_184.rfa,Casework
Cupboard_UnderBench_SingleDoor_AdjShelves_FIJO_140,\\bvn\data\studio\SharedAssets\Revit\RevitContent\CentralHealthLibrary\_Kinship\Fixtures & Fittings (FI)\Cupboard_UnderBench_SingleDoor_AdjShelves_FIJO_140.rfa,Casework
Cupboard_UnderBench_SingleDoor_AdjShelves_Lockable_StainlessSteel_FIJO_809,\\bvn\data\studio\SharedAssets\Revit\RevitContent\CentralHealthLibrary\_Kinship\Fixtures & Fittings (FI)\Cupboard_UnderBench_SingleDoor_AdjShelves_Lockable_StainlessSteel_FIJO_809.rfa,Casework
Cupboard_UnderBench_SingleDoor_AdjShelves_Mobile_FIJO_509,\\bvn\data\studio\SharedAssets\Revit\RevitContent\CentralHealthLibrary\_Kinship\Fixtures & Fittings (FI)\Cupboard_UnderBench_SingleDoor_AdjShelves_Mobile_FIJO_509.rfa,Casework
Cupboard_UnderBench_SingleDoor_AdjShelves_Single Drawer_FIJO_142,\\bvn\data\studio\SharedAssets\Revit\RevitContent\CentralHealthLibrary\_Kinship\Fixtures & Fittings (FI)\Cupboard_UnderBench_SingleDoor_AdjShelves_Single Drawer_FIJO_142.rfa,Casework
Cupboard_WallMount_4Locker_Keypad_Lock_FIJO_598,\\bvn\data\studio\SharedAssets\Revit\RevitContent\CentralHealthLibrary\_Kinship\Fixtures & Fittings (FI)\Cupboard_WallMount_4Locker_Keypad_Lock_FIJO_598.rfa,Casework
Cupboard_WallMount_Conceal Dispenser_FIJO_813,\\bvn\data\studio\SharedAssets\Revit\RevitContent\CentralHealthLibrary\_Kinship\Fixtures & Fittings (FI)\Cupboard_WallMount_Conceal Dispenser_FIJO_813.rfa,Casework
Cupboard_WallMount_DrugSafeHousing_Lockable_FIJO_574,\\bvn\data\studio\SharedAssets\Revit\RevitContent\CentralHealthLibrary\_Kinship\Fixtures & Fittings (FI)\Cupboard_WallMount_DrugSafeHousing_Lockable_FIJO_574.rfa,Casework
Cupboard_WallMount_DoubleDoor_AdjShelves_Lockable_Medication_FIJO_535,\\bvn\data\studio\SharedAssets\Revit\RevitContent\CentralHealthLibrary\_Kinship\Fixtures & Fittings (FI)\Cupboard_WallMount_DoubleDoor_AdjShelves_Lockable_Medication_FIJO_535.rfa,Casework
Cupboard_WallMount_DoubleDoor_Glazed_AdjShelves_Lockable_FIJO_148,\\bvn\data\studio\SharedAssets\Revit\RevitContent\CentralHealthLibrary\_Kinship\Fixtures & Fittings (FI)\Cupboard_WallMount_DoubleDoor_Glazed_AdjShelves_Lockable_FIJO_148.rfa,Casework
Cupboard_WallMount_DoubleDoor_AdjShelves_Lockable_FIJO_145,\\bvn\data\studio\SharedAssets\Revit\RevitContent\CentralHealthLibrary\_Kinship\Fixtures & Fittings (FI)\Cupboard_WallMount_DoubleDoor_AdjShelves_Lockable_FIJO_145.rfa,Casework
Cupboard_WallMount_SingleDoor_AdjShelves_FIJO_156,\\bvn\data\studio\SharedAssets\Revit\RevitContent\CentralHealthLibrary\_Kinship\Fixtures & Fittings (FI)\Cupboard_WallMount_SingleDoor_AdjShelves_FIJO_156.rfa,Casework
Cupboard_WallMount_SingleDoor_AdjShelves_Lockable_FIJO_157,\\bvn\data\studio\SharedAssets\Revit\RevitContent\CentralHealthLibrary\_Kinship\Fixtures & Fittings (FI)\Cupboard_WallMount_SingleDoor_AdjShelves_Lockable_FIJO_157.rfa,Casework
Cupboard_WallMount_SingleDoor_AdjShelves_Lockable_Medication_FIJO_534,\\bvn\data\studio\SharedAssets\Revit\RevitContent\CentralHealthLibrary\_Kinship\Fixtures & Fittings (FI)\Cupboard_WallMount_SingleDoor_AdjShelves_Lockable_Medication_FIJO_534.rfa,Casework
Hook_Rope_BirthingSupport_FIHR_530,\\bvn\data\studio\SharedAssets\Revit\RevitContent\CentralHealthLibrary\_Kinship\Fixtures & Fittings (FI)\Hook_Rope_BirthingSupport_FIHR_530.rfa,Specialty Equipment
Mirror_Fixed_Reflector_Dome_FIBM_008,\\bvn\data\studio\SharedAssets\Revit\RevitContent\CentralHealthLibrary\_Kinship\Fixtures & Fittings (FI)\Mirror_Fixed_Reflector_Dome_FIBM_008.rfa,Furniture
ShelvingUnit_Tall_AdjShelves_FIJO_126,\\bvn\data\studio\SharedAssets\Revit\RevitContent\CentralHealthLibrary\_Kinship\Fixtures & Fittings (FI)\ShelvingUnit_Tall_AdjShelves_FIJO_126.rfa,Casework
Rack_4Slots_PanUrinal_FIHR_506,\\bvn\data\studio\SharedAssets\Revit\RevitContent\CentralHealthLibrary\_Kinship\Fixtures & Fittings (FI)\Rack_4Slots_PanUrinal_FIHR_506.rfa,Furniture
Rack_6Slots_PanUrinal_FIHR_053,\\bvn\data\studio\SharedAssets\Revit\RevitContent\CentralHealthLibrary\_Kinship\Fixtures & Fittings (FI)\Rack_6Slots_PanUrinal_FIHR_053.rfa,Furniture
Rack_8Slots_BowlBasin_FIHR_547,\\bvn\data\studio\SharedAssets\Revit\RevitContent\CentralHealthLibrary\_Kinship\Fixtures & Fittings (FI)\Rack_8Slots_BowlBasin_FIHR_547.rfa,Furniture
Rack_8Slots_PanUrinal_FIHR_504,\\bvn\data\studio\SharedAssets\Revit\RevitContent\CentralHealthLibrary\_Kinship\Fixtures & Fittings (FI)\Rack_8Slots_PanUrinal_FIHR_504.rfa,Furniture
Rack_Bottle_FIHR_069,\\bvn\data\studio\SharedAssets\Revit\RevitContent\CentralHealthLibrary\_Kinship\Fixtures & Fittings (FI)\Rack_Bottle_FIHR_069.rfa,Furniture
Rack_BowlBasin_FIHR_038,\\bvn\data\studio\SharedAssets\Revit\RevitContent\CentralHealthLibrary\_Kinship\Fixtures & Fittings (FI)\Rack_BowlBasin_FIHR_038.rfa,Furniture
Rack_BroomMop_2Hooks_FIHR_039,\\bvn\data\studio\SharedAssets\Revit\RevitContent\CentralHealthLibrary\_Kinship\Fixtures & Fittings (FI)\Rack_BroomMop_2Hooks_FIHR_039.rfa,Furniture
Rack_BroomMop_3Hooks_FIHR_049,\\bvn\data\studio\SharedAssets\Revit\RevitContent\CentralHealthLibrary\_Kinship\Fixtures & Fittings (FI)\Rack_BroomMop_3Hooks_FIHR_049.rfa,Furniture
Rack_BroomMop_4Hooks_FIHR_040,\\bvn\data\studio\SharedAssets\Revit\RevitContent\CentralHealthLibrary\_Kinship\Fixtures & Fittings (FI)\Rack_BroomMop_4Hooks_FIHR_040.rfa,Furniture
Rack_Pan_FIHR_052,\\bvn\data\studio\SharedAssets\Revit\RevitContent\CentralHealthLibrary\_Kinship\Fixtures & Fittings (FI)\Rack_Pan_FIHR_052.rfa,Furniture
ShelvingUnit_Underbench_AdjShelves_FIJO_137,\\bvn\data\studio\SharedAssets\Revit\RevitContent\CentralHealthLibrary\_Kinship\Fixtures & Fittings (FI)\ShelvingUnit_Underbench_AdjShelves_FIJO_137.rfa,Casework
ShelvingUnit_Tall_AdjShelves_HeavyDuty_FIJO_127,\\bvn\data\studio\SharedAssets\Revit\RevitContent\CentralHealthLibrary\_Kinship\Fixtures & Fittings (FI)\ShelvingUnit_Tall_AdjShelves_HeavyDuty_FIJO_127.rfa,Casework
ShelvingUnit_WallMount_FixedShelves_FIJO_155,\\bvn\data\studio\SharedAssets\Revit\RevitContent\CentralHealthLibrary\_Kinship\Fixtures & Fittings (FI)\ShelvingUnit_WallMount_FixedShelves_FIJO_155.rfa,Casework
ShelvingUnit_Underbench_FixedShelves_FIJO_138,\\bvn\data\studio\SharedAssets\Revit\RevitContent\CentralHealthLibrary\_Kinship\Fixtures & Fittings (FI)\ShelvingUnit_Underbench_FixedShelves_FIJO_138.rfa,Casework
ShelvingUnit_Underbench_MicrowavePocket_DrawerBelow_FIJO_516,\\bvn\data\studio\SharedAssets\Revit\RevitContent\CentralHealthLibrary\_Kinship\Fixtures & Fittings (FI)\ShelvingUnit_Underbench_MicrowavePocket_DrawerBelow_FIJO_516.rfa,Casework
Cupboard_Tall_DoubleDoor_Glazed_Catheter Hanging_FIJO_220,\\bvn\data\studio\SharedAssets\Revit\RevitContent\CentralHealthLibrary\_Kinship\Fixtures & Fittings (FI)\Cupboard_Tall_DoubleDoor_Glazed_Catheter Hanging_FIJO_220.rfa,Casework
Cupboard_UnderBench_SingleDoor_AdjShelves_Lockable_FIJO_141,\\bvn\data\studio\SharedAssets\Revit\RevitContent\CentralHealthLibrary\_Kinship\Fixtures & Fittings (FI)\Cupboard_UnderBench_SingleDoor_AdjShelves_Lockable_FIJO_141.rfa,Casework
Dishwasher_Domestic_FQCA_010,\\bvn\data\studio\SharedAssets\Revit\RevitContent\CentralHealthLibrary\_Kinship\Furniture & Non-medical Equipment (FQ)\Dishwasher_Domestic_FQCA_010.rfa,Plumbing Fixtures
Locker_Mobile Phone Charging Station_WallMounted_FQSN_590,\\bvn\data\studio\SharedAssets\Revit\RevitContent\CentralHealthLibrary\_Kinship\Furniture & Non-medical Equipment (FQ)\Locker_Mobile Phone Charging Station_WallMounted_FQSN_590.rfa,Electrical Equipment
Oven_Microwave_Domestic_FQCA_067,\\bvn\data\studio\SharedAssets\Revit\RevitContent\CentralHealthLibrary\_Kinship\Furniture & Non-medical Equipment (FQ)\Oven_Microwave_Domestic_FQCA_067.rfa,Electrical Equipment
Oven_Microwave_Commercial_FQCA_066,\\bvn\data\studio\SharedAssets\Revit\RevitContent\CentralHealthLibrary\_Kinship\Furniture & Non-medical Equipment (FQ)\Oven_Microwave_Commercial_FQCA_066.rfa,Electrical Equipment
Fridge_Food Storage_400L_GlassFronted_FQCA_554,\\bvn\data\studio\SharedAssets\Revit\RevitContent\CentralHealthLibrary\_Kinship\Furniture & Non-medical Equipment (FQ)\Fridge_Food Storage_400L_GlassFronted_FQCA_554.rfa,Electrical Equipment
Fridge_Food Storage_Underbench_GlassFronted_FQCA_525,\\bvn\data\studio\SharedAssets\Revit\RevitContent\CentralHealthLibrary\_Kinship\Furniture & Non-medical Equipment (FQ)\Fridge_Food Storage_Underbench_GlassFronted_FQCA_525.rfa,Electrical Equipment
Fridge_FoodStorage_GlassFronted_120L_FQCA_561,\\bvn\data\studio\SharedAssets\Revit\RevitContent\CentralHealthLibrary\_Kinship\Furniture & Non-medical Equipment (FQ)\Fridge_FoodStorage_GlassFronted_120L_FQCA_561.rfa,Electrical Equipment
Fridge_Domestic_250L_FQCA_031,\\bvn\data\studio\SharedAssets\Revit\RevitContent\CentralHealthLibrary\_Kinship\Furniture & Non-medical Equipment (FQ)\Fridge_Domestic_250L_FQCA_031.rfa,Electrical Equipment
Dispenser_Ice_Potable_FQCA_015,\\bvn\data\studio\SharedAssets\Revit\RevitContent\CentralHealthLibrary\_Kinship\Furniture & Non-medical Equipment (FQ)\Dispenser_Ice_Potable_FQCA_015.rfa,Plumbing Fixtures
Oven_Electric_Wall_FQCA_504,\\bvn\data\studio\SharedAssets\Revit\RevitContent\CentralHealthLibrary\_Kinship\Furniture & Non-medical Equipment (FQ)\Oven_Electric_Wall_FQCA_504.rfa,Electrical Equipment
Dishwasher_Commercial_FQCA_009,\\bvn\data\studio\SharedAssets\Revit\RevitContent\CentralHealthLibrary\_Kinship\Furniture & Non-medical Equipment (FQ)\Dishwasher_Commercial_FQCA_009.rfa,Plumbing Fixtures
DocumentCentre_FloorStanding_FQGE_501,\\bvn\data\studio\SharedAssets\Revit\RevitContent\CentralHealthLibrary\_Kinship\Furniture & Non-medical Equipment (FQ)\DocumentCentre_FloorStanding_FQGE_501.rfa,Electrical Equipment
Dryer_Hand_ Standard_Accessible_FQGE_018_1,\\bvn\data\studio\SharedAssets\Revit\RevitContent\CentralHealthLibrary\_Kinship\Furniture & Non-medical Equipment (FQ)\Dryer_Hand_ Standard_Accessible_FQGE_018_1.rfa,Electrical Equipment
Dryer_Hand_ Top Drying_Dyson_FQGE_018_2,\\bvn\data\studio\SharedAssets\Revit\RevitContent\CentralHealthLibrary\_Kinship\Furniture & Non-medical Equipment (FQ)\Dryer_Hand_ Top Drying_Dyson_FQGE_018_2.rfa,Electrical Equipment
Freezer_Underbench_FQCA_526,\\bvn\data\studio\SharedAssets\Revit\RevitContent\CentralHealthLibrary\_Kinship\Furniture & Non-medical Equipment (FQ)\Freezer_Underbench_FQCA_526.rfa,Electrical Equipment
Fridge_Commercial_Underbench_2Door_FQCA_528,\\bvn\data\studio\SharedAssets\Revit\RevitContent\CentralHealthLibrary\_Kinship\Furniture & Non-medical Equipment (FQ)\Fridge_Commercial_Underbench_2Door_FQCA_528.rfa,Electrical Equipment
Fridge_Domestic_120L_FQCA_030,\\bvn\data\studio\SharedAssets\Revit\RevitContent\CentralHealthLibrary\_Kinship\Furniture & Non-medical Equipment (FQ)\Fridge_Domestic_120L_FQCA_030.rfa,Electrical Equipment
Fridge_Domestic_300L_FQCA_032,\\bvn\data\studio\SharedAssets\Revit\RevitContent\CentralHealthLibrary\_Kinship\Furniture & Non-medical Equipment (FQ)\Fridge_Domestic_300L_FQCA_032.rfa,Electrical Equipment
Fridge_Domestic_500L_FQCA_033,\\bvn\data\studio\SharedAssets\Revit\RevitContent\CentralHealthLibrary\_Kinship\Furniture & Non-medical Equipment (FQ)\Fridge_Domestic_500L_FQCA_033.rfa,Electrical Equipment
Fridge_Domestic_TopMountFreezer_450L_FQCA_036,\\bvn\data\studio\SharedAssets\Revit\RevitContent\CentralHealthLibrary\_Kinship\Furniture & Non-medical Equipment (FQ)\Fridge_Domestic_TopMountFreezer_450L_FQCA_036.rfa,Electrical Equipment
Fridge_Domestic_Upright_IntegratedJoineryFront_FQCA_529,\\bvn\data\studio\SharedAssets\Revit\RevitContent\CentralHealthLibrary\_Kinship\Furniture & Non-medical Equipment (FQ)\Fridge_Domestic_Upright_IntegratedJoineryFront_FQCA_529.rfa,Electrical Equipment
Fridge_Domestic_WithFreezer_350L_FQCA_530,\\bvn\data\studio\SharedAssets\Revit\RevitContent\CentralHealthLibrary\_Kinship\Furniture & Non-medical Equipment (FQ)\Fridge_Domestic_WithFreezer_350L_FQCA_530.rfa,Electrical Equipment
FridgeDrawer_Underbench_FQCA_527,\\bvn\data\studio\SharedAssets\Revit\RevitContent\CentralHealthLibrary\_Kinship\Furniture & Non-medical Equipment (FQ)\FridgeDrawer_Underbench_FQCA_527.rfa,Electrical Equipment
Machine_Coffee_Espresso_FQCA_049,\\bvn\data\studio\SharedAssets\Revit\RevitContent\CentralHealthLibrary\_Kinship\Furniture & Non-medical Equipment (FQ)\Machine_Coffee_Espresso_FQCA_049.rfa,Specialty Equipment
Freezer_Upright_400L_GlassFronted_FQCA_558,\\bvn\data\studio\SharedAssets\Revit\RevitContent\CentralHealthLibrary\_Kinship\Furniture & Non-medical Equipment (FQ)\Freezer_Upright_400L_GlassFronted_FQCA_558.rfa,Electrical Equipment
Machine_ATM_FQGE_034,\\bvn\data\studio\SharedAssets\Revit\RevitContent\CentralHealthLibrary\_Kinship\Furniture & Non-medical Equipment (FQ)\Machine_ATM_FQGE_034.rfa,Electrical Fixtures
Dispenser_Ice_Floorstanding_Flakes  Slush_FQCA_550,\\bvn\data\studio\SharedAssets\Revit\RevitContent\CentralHealthLibrary\_Kinship\Furniture & Non-medical Equipment (FQ)\Dispenser_Ice_Floorstanding_Flakes  Slush_FQCA_550.rfa,Plumbing Fixtures
Fridge_Food Storage_500L_GlassFronted_FQCA_532,\\bvn\data\studio\SharedAssets\Revit\RevitContent\CentralHealthLibrary\_Kinship\Furniture & Non-medical Equipment (FQ)\Fridge_Food Storage_500L_GlassFronted_FQCA_532.rfa,Electrical Equipment
Chair_Armchair_Recliner_FQBS_010,\\bvn\data\studio\SharedAssets\Revit\RevitContent\CentralHealthLibrary\_Kinship\Furniture & Non-medical Equipment (FQ)\Chair_Armchair_Recliner_FQBS_010.rfa,Specialty Equipment
Cabinet_Clothes_900W_600D_1800H_FQSN_013,\\bvn\data\studio\SharedAssets\Revit\RevitContent\CentralHealthLibrary\_Kinship\Furniture & Non-medical Equipment (FQ)\Cabinet_Clothes_900W_600D_1800H_FQSN_013.rfa,Furniture
Fridge_Domestic_Underbench_FQCA_037,\\bvn\data\studio\SharedAssets\Revit\RevitContent\CentralHealthLibrary\_Kinship\Furniture & Non-medical Equipment (FQ)\Fridge_Domestic_Underbench_FQCA_037.rfa,Electrical Equipment
Footstool_FQBS_037,\\bvn\data\studio\SharedAssets\Revit\RevitContent\CentralHealthLibrary\_Kinship\Furniture & Non-medical Equipment (FQ)\Footstool_FQBS_037.rfa,Furniture
Footstool_Medium_FQBS_037_2,\\bvn\data\studio\SharedAssets\Revit\RevitContent\CentralHealthLibrary\_Kinship\Furniture & Non-medical Equipment (FQ)\Footstool_Medium_FQBS_037_2.rfa,Furniture
Cabinet_Tall_DoubleDoor_AdjShelves_Lockable_FQSN_526,\\bvn\data\studio\SharedAssets\Revit\RevitContent\CentralHealthLibrary\_Kinship\Furniture & Non-medical Equipment (FQ)\Cabinet_Tall_DoubleDoor_AdjShelves_Lockable_FQSN_526.rfa,Furniture
Charging Station_Tablet Computers_FQGE_523,\\bvn\data\studio\SharedAssets\Revit\RevitContent\CentralHealthLibrary\_Kinship\Furniture & Non-medical Equipment (FQ)\Charging Station_Tablet Computers_FQGE_523.rfa,Electrical Equipment
Footstool_Small_FQBS_037_1,\\bvn\data\studio\SharedAssets\Revit\RevitContent\CentralHealthLibrary\_Kinship\Furniture & Non-medical Equipment (FQ)\Footstool_Small_FQBS_037_1.rfa,Furniture
#N/A,\\bvn\data\studio\SharedAssets\Revit\RevitContent\CentralHealthLibrary\_Kinship\Furniture & Non-medical Equipment (FQ)\Shelving_Underbench_StorageSolution_DrawerUnit_SingleBay_FQSN_582.rfa,#N/A
#N/A,\\bvn\data\studio\SharedAssets\Revit\RevitContent\CentralHealthLibrary\_Kinship\Furniture & Non-medical Equipment (FQ)\Shelving_FloorStanding_StorageSolution_TowerCombinationDrawerShelfUnit_ThreeBay_FQSN_581_5.rfa,#N/A
#N/A,\\bvn\data\studio\SharedAssets\Revit\RevitContent\CentralHealthLibrary\_Kinship\Furniture & Non-medical Equipment (FQ)\Shelving_FloorStanding_StorageSolution_TowerCombinationDrawerShelfUnit_TwoBay_FQSN_581.rfa,#N/A
#N/A,\\bvn\data\studio\SharedAssets\Revit\RevitContent\CentralHealthLibrary\_Kinship\Furniture & Non-medical Equipment (FQ)\Shelving_FloorStanding_StorageSolution_TowerDrawerUnit_SingleBay_FQSN_579.rfa,#N/A
#N/A,\\bvn\data\studio\SharedAssets\Revit\RevitContent\CentralHealthLibrary\_Kinship\Furniture & Non-medical Equipment (FQ)\Shelving_FloorStanding_StorageSolution_TowerShelfUnit_TwoThreeBay_FQSN_580.rfa,#N/A
#N/A,\\bvn\data\studio\SharedAssets\Revit\RevitContent\CentralHealthLibrary\_Kinship\Furniture & Non-medical Equipment (FQ)\Shelving_Mobile_StorageSolution_DrawerUnit_SingleBay_FQSN_5xx.rfa,#N/A
Basin_Handwash_Accessible_IntegratedShelf_Left_Gentec_HYBA_498_1,\\bvn\data\studio\SharedAssets\Revit\RevitContent\CentralHealthLibrary\_Kinship\Hydraulic Services (HY)\Basin_Handwash_Accessible_IntegratedShelf_Left_Gentec_HYBA_498_1.rfa,Plumbing Fixtures
Basin_Handwash_Accessible_IntegratedShelf_Left_HYBA_005_1,\\bvn\data\studio\SharedAssets\Revit\RevitContent\CentralHealthLibrary\_Kinship\Hydraulic Services (HY)\Basin_Handwash_Accessible_IntegratedShelf_Left_HYBA_005_1.rfa,Plumbing Fixtures
Basin_Handwash_Accessible_IntegratedShelf_Right_Gentec_HYBA_498_2,\\bvn\data\studio\SharedAssets\Revit\RevitContent\CentralHealthLibrary\_Kinship\Hydraulic Services (HY)\Basin_Handwash_Accessible_IntegratedShelf_Right_Gentec_HYBA_498_2.rfa,Plumbing Fixtures
Basin_Handwash_Accessible_IntegratedShelf_Right_HYBA_005_2,\\bvn\data\studio\SharedAssets\Revit\RevitContent\CentralHealthLibrary\_Kinship\Hydraulic Services (HY)\Basin_Handwash_Accessible_IntegratedShelf_Right_HYBA_005_2.rfa,Plumbing Fixtures
Basin_Handwash_StainlessSteel_Security_HYBA_507,\\bvn\data\studio\SharedAssets\Revit\RevitContent\CentralHealthLibrary\_Kinship\Hydraulic Services (HY)\Basin_Handwash_StainlessSteel_Security_HYBA_507.rfa,Plumbing Fixtures
Basin_Handwash_TypeA_Scrub_Gentec_HYBA_497,\\bvn\data\studio\SharedAssets\Revit\RevitContent\CentralHealthLibrary\_Kinship\Hydraulic Services (HY)\Basin_Handwash_TypeA_Scrub_Gentec_HYBA_497.rfa,Plumbing Fixtures
Basin_Handwash_TypeB_Gentec_HYBA_496,\\bvn\data\studio\SharedAssets\Revit\RevitContent\CentralHealthLibrary\_Kinship\Hydraulic Services (HY)\Basin_Handwash_TypeB_Gentec_HYBA_496.rfa,Plumbing Fixtures
Basin_Handwash_TypeB_HYBA_010,\\bvn\data\studio\SharedAssets\Revit\RevitContent\CentralHealthLibrary\_Kinship\Hydraulic Services (HY)\Basin_Handwash_TypeB_HYBA_010.rfa,Plumbing Fixtures
Basin_Handwash_TypeC_AntiLigature_Left_HYBA_505_1,\\bvn\data\studio\SharedAssets\Revit\RevitContent\CentralHealthLibrary\_Kinship\Hydraulic Services (HY)\Basin_Handwash_TypeC_AntiLigature_Left_HYBA_505_1.rfa,Plumbing Fixtures
Basin_Handwash_TypeC_AntiLigature_Right_HYBA_505_2,\\bvn\data\studio\SharedAssets\Revit\RevitContent\CentralHealthLibrary\_Kinship\Hydraulic Services (HY)\Basin_Handwash_TypeC_AntiLigature_Right_HYBA_505_2.rfa,Plumbing Fixtures
Basin_Handwash_TypeC_ExtendedIntegratedShelf_Left_HYBA_522_1,\\bvn\data\studio\SharedAssets\Revit\RevitContent\CentralHealthLibrary\_Kinship\Hydraulic Services (HY)\Basin_Handwash_TypeC_ExtendedIntegratedShelf_Left_HYBA_522_1.rfa,Plumbing Fixtures
Basin_Handwash_TypeC_ExtendedIntegratedShelf_Right_HYBA_522_2,\\bvn\data\studio\SharedAssets\Revit\RevitContent\CentralHealthLibrary\_Kinship\Hydraulic Services (HY)\Basin_Handwash_TypeC_ExtendedIntegratedShelf_Right_HYBA_522_2.rfa,Plumbing Fixtures
Basin_Handwash_TypeC_IntegratedShelf_Left_Gentec_HYBA_495_1,\\bvn\data\studio\SharedAssets\Revit\RevitContent\CentralHealthLibrary\_Kinship\Hydraulic Services (HY)\Basin_Handwash_TypeC_IntegratedShelf_Left_Gentec_HYBA_495_1.rfa,Plumbing Fixtures
Basin_Handwash_TypeC_IntegratedShelf_Left_HYBA_011_1,\\bvn\data\studio\SharedAssets\Revit\RevitContent\CentralHealthLibrary\_Kinship\Hydraulic Services (HY)\Basin_Handwash_TypeC_IntegratedShelf_Left_HYBA_011_1.rfa,Plumbing Fixtures
Basin_Handwash_TypeC_IntegratedShelf_Right_Gentec_HYBA_495_2,\\bvn\data\studio\SharedAssets\Revit\RevitContent\CentralHealthLibrary\_Kinship\Hydraulic Services (HY)\Basin_Handwash_TypeC_IntegratedShelf_Right_Gentec_HYBA_495_2.rfa,Plumbing Fixtures
Basin_Handwash_TypeC_IntegratedShelf_Right_HYBA_011_2,\\bvn\data\studio\SharedAssets\Revit\RevitContent\CentralHealthLibrary\_Kinship\Hydraulic Services (HY)\Basin_Handwash_TypeC_IntegratedShelf_Right_HYBA_011_2.rfa,Plumbing Fixtures
Basin_Handwash_TypeC_SemiRecessed_HYBA_012,\\bvn\data\studio\SharedAssets\Revit\RevitContent\CentralHealthLibrary\_Kinship\Hydraulic Services (HY)\Basin_Handwash_TypeC_SemiRecessed_HYBA_012.rfa,Plumbing Fixtures
Basin_Handwash_TypeC_WithoutShelf_HYBA_500,\\bvn\data\studio\SharedAssets\Revit\RevitContent\CentralHealthLibrary\_Kinship\Hydraulic Services (HY)\Basin_Handwash_TypeC_WithoutShelf_HYBA_500.rfa,Plumbing Fixtures
Basin_WithIntegratedShelf_MentalHealth_Left_HYBA_078_1,\\bvn\data\studio\SharedAssets\Revit\RevitContent\CentralHealthLibrary\_Kinship\Hydraulic Services (HY)\Basin_WithIntegratedShelf_MentalHealth_Left_HYBA_078_1.rfa,Plumbing Fixtures
Basin_WithIntegratedShelf_MentalHealth_Right_HYBA_078_2,\\bvn\data\studio\SharedAssets\Revit\RevitContent\CentralHealthLibrary\_Kinship\Hydraulic Services (HY)\Basin_WithIntegratedShelf_MentalHealth_Right_HYBA_078_2.rfa,Plumbing Fixtures
BoilingChilledWaterUnit_Combination_Underbench_HYGE_003,\\bvn\data\studio\SharedAssets\Revit\RevitContent\CentralHealthLibrary\_Kinship\Hydraulic Services (HY)\BoilingChilledWaterUnit_Combination_Underbench_HYGE_003.rfa,Plumbing Fixtures
BoilingWaterUnit_5Litre_WallMounted_HYGE_008,\\bvn\data\studio\SharedAssets\Revit\RevitContent\CentralHealthLibrary\_Kinship\Hydraulic Services (HY)\BoilingWaterUnit_5Litre_WallMounted_HYGE_008.rfa,Plumbing Fixtures
BoilingWaterUnit_Underbench_HYGE_517,\\bvn\data\studio\SharedAssets\Revit\RevitContent\CentralHealthLibrary\_Kinship\Hydraulic Services (HY)\BoilingWaterUnit_Underbench_HYGE_517.rfa,Plumbing Fixtures
Sink_Single_450_350_250D_HYBA_052,\\bvn\data\studio\SharedAssets\Revit\RevitContent\CentralHealthLibrary\_Kinship\Hydraulic Services (HY)\Sink_Single_450_350_250D_HYBA_052.rfa,Plumbing Fixtures
Sink_Single_Single_Integral_StainlessSteel_400Dia_250D_HYBA_504,\\bvn\data\studio\SharedAssets\Revit\RevitContent\CentralHealthLibrary\_Kinship\Hydraulic Services (HY)\Sink_Single_Single_Integral_StainlessSteel_400Dia_250D_HYBA_504.rfa,Plumbing Fixtures
Sink_Single_Single_Undermount_450Dia_175D_HYBA_539,\\bvn\data\studio\SharedAssets\Revit\RevitContent\CentralHealthLibrary\_Kinship\Hydraulic Services (HY)\Sink_Single_Single_Undermount_450Dia_175D_HYBA_539.rfa,Plumbing Fixtures
Tapware_Laboratory_Gooseneck_WallMounted_HYTP_034,\\bvn\data\studio\SharedAssets\Revit\RevitContent\CentralHealthLibrary\_Kinship\Hydraulic Services (HY)\Tapware_Laboratory_Gooseneck_WallMounted_HYTP_034.rfa,Plumbing Fixtures
Tapware_Mixer_All_In_One_ForBoilingChilledWaterUnit_HYTP_538,\\bvn\data\studio\SharedAssets\Revit\RevitContent\CentralHealthLibrary\_Kinship\Hydraulic Services (HY)\Tapware_Mixer_All_In_One_ForBoilingChilledWaterUnit_HYTP_538.rfa,Plumbing Fixtures
Tapware_Mixer_ElbowLevers_HYTP_037,\\bvn\data\studio\SharedAssets\Revit\RevitContent\CentralHealthLibrary\_Kinship\Hydraulic Services (HY)\Tapware_Mixer_ElbowLevers_HYTP_037.rfa,Plumbing Fixtures
ToiletSuite_Patient_Ambulant_Concealed_Cistern_HYWC_504,\\bvn\data\studio\SharedAssets\Revit\RevitContent\CentralHealthLibrary\_Kinship\Hydraulic Services (HY)\ToiletSuite_Patient_Ambulant_Concealed_Cistern_HYWC_504.rfa,Plumbing Fixtures
ToiletSuite_StainlessSteel_ExposedCistern_IntegratedHandwashBasin_ToiletRollHolder_AntiLigature_HYWC_506,\\bvn\data\studio\SharedAssets\Revit\RevitContent\CentralHealthLibrary\_Kinship\Hydraulic Services (HY)\ToiletSuite_StainlessSteel_ExposedCistern_IntegratedHandwashBasin_ToiletRollHolder_AntiLigature_HYWC_506.rfa,Plumbing Fixtures
ToiletSuite_Standard_ExposedCistern_HYWC_008,\\bvn\data\studio\SharedAssets\Revit\RevitContent\CentralHealthLibrary\_Kinship\Hydraulic Services (HY)\ToiletSuite_Standard_ExposedCistern_HYWC_008.rfa,Plumbing Fixtures
ToiletSuite_Standard_HYWC_008,\\bvn\data\studio\SharedAssets\Revit\RevitContent\CentralHealthLibrary\_Kinship\Hydraulic Services (HY)\ToiletSuite_Standard_HYWC_008.rfa,Plumbing Fixtures
DisplayScreen_Digital Patient Care_ITBU_511,\\bvn\data\studio\SharedAssets\Revit\RevitContent\CentralHealthLibrary\_Kinship\Information & Communication Services (IT)\DisplayScreen_Digital Patient Care_ITBU_511.rfa,Electrical Equipment
DisplayScreen_Public Information System_WallMounted_ITBU_014,\\bvn\data\studio\SharedAssets\Revit\RevitContent\CentralHealthLibrary\_Kinship\Information & Communication Services (IT)\DisplayScreen_Public Information System_WallMounted_ITBU_014.rfa,Electrical Equipment
DisplayScreen_AudioVisual_WallMounted_ITAV_051,\\bvn\data\studio\SharedAssets\Revit\RevitContent\CentralHealthLibrary\_Kinship\Information & Communication Services (IT)\DisplayScreen_AudioVisual_WallMounted_ITAV_051.rfa,Electrical Equipment
DisplayScreen_AudioVisual_WallMounted_85inc_ITAV_051_11,\\bvn\data\studio\SharedAssets\Revit\RevitContent\CentralHealthLibrary\_Kinship\Information & Communication Services (IT)\DisplayScreen_AudioVisual_WallMounted_85inc_ITAV_051_11.rfa,Electrical Equipment
DisplayScreen_StockFlow_WallMounted_ITAV_500,\\bvn\data\studio\SharedAssets\Revit\RevitContent\CentralHealthLibrary\_Kinship\Information & Communication Services (IT)\DisplayScreen_StockFlow_WallMounted_ITAV_500.rfa,Electrical Equipment
DisplayScreen_System_InstrumentTracking_ITBU_514,\\bvn\data\studio\SharedAssets\Revit\RevitContent\CentralHealthLibrary\_Kinship\Information & Communication Services (IT)\DisplayScreen_System_InstrumentTracking_ITBU_514.rfa,Electrical Equipment
Camera_CCTV_ITSE_012,\\bvn\data\studio\SharedAssets\Revit\RevitContent\CentralHealthLibrary\_Kinship\Information & Communication Services (IT)\Camera_CCTV_ITSE_012.rfa,Electrical Fixtures
Light_Examination_CeilingMounted_LIFX_027,\\bvn\data\studio\SharedAssets\Revit\RevitContent\CentralHealthLibrary\_Kinship\Lighting Systems (LI)\Light_Examination_CeilingMounted_LIFX_027.rfa,Lighting Devices
Light_Examination_CeilingMounted_WithIntegratedCamera_LIFX_545,\\bvn\data\studio\SharedAssets\Revit\RevitContent\CentralHealthLibrary\_Kinship\Lighting Systems (LI)\Light_Examination_CeilingMounted_WithIntegratedCamera_LIFX_545.rfa,Lighting Devices
Light_Procedure_CeilingMounted_LIFX_014,\\bvn\data\studio\SharedAssets\Revit\RevitContent\CentralHealthLibrary\_Kinship\Lighting Systems (LI)\Light_Procedure_CeilingMounted_LIFX_014.rfa,Lighting Devices
Light_Procedure_CeilingMounted_Small_LIFX_013,\\bvn\data\studio\SharedAssets\Revit\RevitContent\CentralHealthLibrary\_Kinship\Lighting Systems (LI)\Light_Procedure_CeilingMounted_Small_LIFX_013.rfa,Lighting Devices
Fume_Cupboard_MEEX_013,\\bvn\data\studio\SharedAssets\Revit\RevitContent\CentralHealthLibrary\_Kinship\Mechanical Services (ME)\Fume_Cupboard_MEEX_013.rfa,Specialty Equipment
Lifter_Patient_CeilingMounted_Track_H_Shape_Bariatric_MMBE_061,\\bvn\data\studio\SharedAssets\Revit\RevitContent\CentralHealthLibrary\_Kinship\Medical & Laboratory Equipment (MM)\Lifter_Patient_CeilingMounted_Track_H_Shape_Bariatric_MMBE_061.rfa,Specialty Equipment
System_Imaging_SinglePlane_Ceiling_MMMI_387,\\bvn\data\studio\SharedAssets\Revit\RevitContent\CentralHealthLibrary\_Kinship\Medical & Laboratory Equipment (MM)\System_Imaging_SinglePlane_Ceiling_MMMI_387.rfa,Specialty Equipment
Pendant_Single_AdjustableHeight_Anaesthetic_MMSP_018_1,\\bvn\data\studio\SharedAssets\Revit\RevitContent\CentralHealthLibrary\_Kinship\Medical & Laboratory Equipment (MM)\Pendant_Single_AdjustableHeight_Anaesthetic_MMSP_018_1.rfa,Specialty Equipment
Pendant_Tandem_WetDryCombination_MMSP_020,\\bvn\data\studio\SharedAssets\Revit\RevitContent\CentralHealthLibrary\_Kinship\Medical & Laboratory Equipment (MM)\Pendant_Tandem_WetDryCombination_MMSP_020.rfa,Specialty Equipment
Pendant_Tandem_AnaestheticSurgical_MMSP_500,\\bvn\data\studio\SharedAssets\Revit\RevitContent\CentralHealthLibrary\_Kinship\Medical & Laboratory Equipment (MM)\Pendant_Tandem_AnaestheticSurgical_MMSP_500.rfa,Specialty Equipment
Pendant_Single_WetDryCombination_MMSP_018,\\bvn\data\studio\SharedAssets\Revit\RevitContent\CentralHealthLibrary\_Kinship\Medical & Laboratory Equipment (MM)\Pendant_Single_WetDryCombination_MMSP_018.rfa,Specialty Equipment
Pendant_Single_WetDryCombination_ED_MMSP_018_3,\\bvn\data\studio\SharedAssets\Revit\RevitContent\CentralHealthLibrary\_Kinship\Medical & Laboratory Equipment (MM)\Pendant_Single_WetDryCombination_ED_MMSP_018_3.rfa,Specialty Equipment
Pendant_Single_PowerData_MMSP_023,\\bvn\data\studio\SharedAssets\Revit\RevitContent\CentralHealthLibrary\_Kinship\Medical & Laboratory Equipment (MM)\Pendant_Single_PowerData_MMSP_023.rfa,Specialty Equipment
Pendant_Single_Perfusion_MMSP_017,\\bvn\data\studio\SharedAssets\Revit\RevitContent\CentralHealthLibrary\_Kinship\Medical & Laboratory Equipment (MM)\Pendant_Single_Perfusion_MMSP_017.rfa,Specialty Equipment
Pendant_Single_Equipment_MMSP_016,\\bvn\data\studio\SharedAssets\Revit\RevitContent\CentralHealthLibrary\_Kinship\Medical & Laboratory Equipment (MM)\Pendant_Single_Equipment_MMSP_016.rfa,Specialty Equipment
Pendant_Single_ED_Foot_MMSP_018_4,\\bvn\data\studio\SharedAssets\Revit\RevitContent\CentralHealthLibrary\_Kinship\Medical & Laboratory Equipment (MM)\Pendant_Single_ED_Foot_MMSP_018_4.rfa,Specialty Equipment
Pendant_Single_DisplayScreen_MMSP_035,\\bvn\data\studio\SharedAssets\Revit\RevitContent\CentralHealthLibrary\_Kinship\Medical & Laboratory Equipment (MM)\Pendant_Single_DisplayScreen_MMSP_035.rfa,Specialty Equipment
Pendant_Single_Anaesthetic_MMSP_015,\\bvn\data\studio\SharedAssets\Revit\RevitContent\CentralHealthLibrary\_Kinship\Medical & Laboratory Equipment (MM)\Pendant_Single_Anaesthetic_MMSP_015.rfa,Specialty Equipment
Pendant_Single_AdjustableHeight_Surgical_MMSP_018_2,\\bvn\data\studio\SharedAssets\Revit\RevitContent\CentralHealthLibrary\_Kinship\Medical & Laboratory Equipment (MM)\Pendant_Single_AdjustableHeight_Surgical_MMSP_018_2.rfa,Specialty Equipment
Safe_DangerousDrugs_ExtraLarge_MMGE_085,\\bvn\data\studio\SharedAssets\Revit\RevitContent\CentralHealthLibrary\_Kinship\Medical & Laboratory Equipment (MM)\Safe_DangerousDrugs_ExtraLarge_MMGE_085.rfa,Furniture
System_Angiography_SinglePlane_HybridTrauma_Ceiling_MMMI_387_2,\\bvn\data\studio\SharedAssets\Revit\RevitContent\CentralHealthLibrary\_Kinship\Medical & Laboratory Equipment (MM)\System_Angiography_SinglePlane_HybridTrauma_Ceiling_MMMI_387_2.rfa,Specialty Equipment
Defibrillator_External_Manual_Cardiac_MMHA_564,\\bvn\data\studio\SharedAssets\Revit\RevitContent\CentralHealthLibrary\_Kinship\Medical & Laboratory Equipment (MM)\Defibrillator_External_Manual_Cardiac_MMHA_564.rfa,Specialty Equipment
Defibrillator_External_Automatic_MMHA_565,\\bvn\data\studio\SharedAssets\Revit\RevitContent\CentralHealthLibrary\_Kinship\Medical & Laboratory Equipment (MM)\Defibrillator_External_Automatic_MMHA_565.rfa,Specialty Equipment
Defibrillator_MMHA_002,\\bvn\data\studio\SharedAssets\Revit\RevitContent\CentralHealthLibrary\_Kinship\Medical & Laboratory Equipment (MM)\Defibrillator_MMHA_002.rfa,Specialty Equipment
Lifter_Patient_CeilingMounted_Track_Linear_MMBE_056,\\bvn\data\studio\SharedAssets\Revit\RevitContent\CentralHealthLibrary\_Kinship\Medical & Laboratory Equipment (MM)\Lifter_Patient_CeilingMounted_Track_Linear_MMBE_056.rfa,Specialty Equipment
System_Formalin Dispensing_Automated_Ducted_MMLA_608,\\bvn\data\studio\SharedAssets\Revit\RevitContent\CentralHealthLibrary\_Kinship\Medical & Laboratory Equipment (MM)\System_Formalin Dispensing_Automated_Ducted_MMLA_608.rfa,Specialty Equipment
Freezer_BreastMilk_Underbench_MMGE_716,\\bvn\data\studio\SharedAssets\Revit\RevitContent\CentralHealthLibrary\_Kinship\Medical & Laboratory Equipment (MM)\Freezer_BreastMilk_Underbench_MMGE_716.rfa,Electrical Equipment
Shield_Radiation_UpperBody_Mobile_Angiography Single Plane Ceiling_MMMI_022,\\bvn\data\studio\SharedAssets\Revit\RevitContent\CentralHealthLibrary\_Kinship\Medical & Laboratory Equipment (MM)\Shield_Radiation_UpperBody_Mobile_Angiography Single Plane Ceiling_MMMI_022.rfa,Specialty Equipment
Lifter_Patient_CeilingMounted_Track_H_Shape_MMBE_063,\\bvn\data\studio\SharedAssets\Revit\RevitContent\CentralHealthLibrary\_Kinship\Medical & Laboratory Equipment (MM)\Lifter_Patient_CeilingMounted_Track_H_Shape_MMBE_063.rfa,Specialty Equipment
Stand_Ceiling_With Traverse Bridge_Cath Lab_MMMI_400,\\bvn\data\studio\SharedAssets\Revit\RevitContent\CentralHealthLibrary\_Kinship\Medical & Laboratory Equipment (MM)\Stand_Ceiling_With Traverse Bridge_Cath Lab_MMMI_400.rfa,Specialty Equipment
System_Imaging_DualPlane_Ceiling_MMMI_385,\\bvn\data\studio\SharedAssets\Revit\RevitContent\CentralHealthLibrary\_Kinship\Medical & Laboratory Equipment (MM)\System_Imaging_DualPlane_Ceiling_MMMI_385.rfa,Specialty Equipment
Trolley_Gynaecological_MMGE_543,\\bvn\data\studio\SharedAssets\Revit\RevitContent\CentralHealthLibrary\_Kinship\Medical & Laboratory Equipment (MM)\Trolley_Gynaecological_MMGE_543.rfa,Furniture
Trolley_Patient_Echocargiography_MMBE_069,\\bvn\data\studio\SharedAssets\Revit\RevitContent\CentralHealthLibrary\_Kinship\Medical & Laboratory Equipment (MM)\Trolley_Patient_Echocargiography_MMBE_069.rfa,Furniture
Viewer_Xray_1Screen_MMGE_150,\\bvn\data\studio\SharedAssets\Revit\RevitContent\CentralHealthLibrary\_Kinship\Medical & Laboratory Equipment (MM)\Viewer_Xray_1Screen_MMGE_150.rfa,Specialty Equipment
Viewer_Xray_2Screen_MMGE_152,\\bvn\data\studio\SharedAssets\Revit\RevitContent\CentralHealthLibrary\_Kinship\Medical & Laboratory Equipment (MM)\Viewer_Xray_2Screen_MMGE_152.rfa,Specialty Equipment
Viewer_Xray_3Screen_MMGE_154,\\bvn\data\studio\SharedAssets\Revit\RevitContent\CentralHealthLibrary\_Kinship\Medical & Laboratory Equipment (MM)\Viewer_Xray_3Screen_MMGE_154.rfa,Specialty Equipment
Viewer_Xray_4Screen_MMGE_156,\\bvn\data\studio\SharedAssets\Revit\RevitContent\CentralHealthLibrary\_Kinship\Medical & Laboratory Equipment (MM)\Viewer_Xray_4Screen_MMGE_156.rfa,Specialty Equipment
Workbench_LoanSet_HeightAdjustable_MMIC_102,\\bvn\data\studio\SharedAssets\Revit\RevitContent\CentralHealthLibrary\_Kinship\Medical & Laboratory Equipment (MM)\Workbench_LoanSet_HeightAdjustable_MMIC_102.rfa,Specialty Equipment
Bed_Patient_Bariatric_Electric_WithMattress_ICU_MMBE_535,\\bvn\data\studio\SharedAssets\Revit\RevitContent\CentralHealthLibrary\_Kinship\Medical & Laboratory Equipment (MM)\Bed_Patient_Bariatric_Electric_WithMattress_ICU_MMBE_535.rfa,Furniture
Box_Light_EyeChart_MMAH_006,\\bvn\data\studio\SharedAssets\Revit\RevitContent\CentralHealthLibrary\_Kinship\Medical & Laboratory Equipment (MM)\Box_Light_EyeChart_MMAH_006.rfa,Electrical Equipment
Bed_Patient_Trolley_Bed To Chair_MMBE_516,\\bvn\data\studio\SharedAssets\Revit\RevitContent\CentralHealthLibrary\_Kinship\Medical & Laboratory Equipment (MM)\Bed_Patient_Trolley_Bed To Chair_MMBE_516.rfa,Furniture
Cleaner_Steam_Cabinet_BenchMounted_MMIC_515,\\bvn\data\studio\SharedAssets\Revit\RevitContent\CentralHealthLibrary\_Kinship\Medical & Laboratory Equipment (MM)\Cleaner_Steam_Cabinet_BenchMounted_MMIC_515.rfa,Specialty Equipment
Couch_Examination_Electric_Mobile_MMBE_023,\\bvn\data\studio\SharedAssets\Revit\RevitContent\CentralHealthLibrary\_Kinship\Medical & Laboratory Equipment (MM)\Couch_Examination_Electric_Mobile_MMBE_023.rfa,Furniture
Couch_Examination_Gynaecology_Electric_Mobile_MMBE_503,\\bvn\data\studio\SharedAssets\Revit\RevitContent\CentralHealthLibrary\_Kinship\Medical & Laboratory Equipment (MM)\Couch_Examination_Gynaecology_Electric_Mobile_MMBE_503.rfa,Furniture
Couch_Examination_Manual_Mobile_MMBE_024,\\bvn\data\studio\SharedAssets\Revit\RevitContent\CentralHealthLibrary\_Kinship\Medical & Laboratory Equipment (MM)\Couch_Examination_Manual_Mobile_MMBE_024.rfa,Furniture
Lifter_Patient_CeilingMounted_Double Track_H_Shape_MMBE_559,\\bvn\data\studio\SharedAssets\Revit\RevitContent\CentralHealthLibrary\_Kinship\Medical & Laboratory Equipment (MM)\Lifter_Patient_CeilingMounted_Double Track_H_Shape_MMBE_559.rfa,Specialty Equipment
Device_Air_Spray_Booth_MMIC_517,\\bvn\data\studio\SharedAssets\Revit\RevitContent\CentralHealthLibrary\_Kinship\Medical & Laboratory Equipment (MM)\Device_Air_Spray_Booth_MMIC_517.rfa,Specialty Equipment
Device_EyeExamination_SlitLamp_MMAH_013,\\bvn\data\studio\SharedAssets\Revit\RevitContent\CentralHealthLibrary\_Kinship\Medical & Laboratory Equipment (MM)\Device_EyeExamination_SlitLamp_MMAH_013.rfa,Electrical Equipment
DiagnosticSet_WallMounted_MMGE_031,\\bvn\data\studio\SharedAssets\Revit\RevitContent\CentralHealthLibrary\_Kinship\Medical & Laboratory Equipment (MM)\DiagnosticSet_WallMounted_MMGE_031.rfa,Specialty Equipment
Lifter_Patient_CeilingMounted_Track_Linear_Bariatric_MMBE_057,\\bvn\data\studio\SharedAssets\Revit\RevitContent\CentralHealthLibrary\_Kinship\Medical & Laboratory Equipment (MM)\Lifter_Patient_CeilingMounted_Track_Linear_Bariatric_MMBE_057.rfa,Specialty Equipment
Monitor_Foetal_CTG_WallMounted_MMGE_635,\\bvn\data\studio\SharedAssets\Revit\RevitContent\CentralHealthLibrary\_Kinship\Medical & Laboratory Equipment (MM)\Monitor_Foetal_CTG_WallMounted_MMGE_635.rfa,Electrical Equipment
Rack_AV_MMOP_060,\\bvn\data\studio\SharedAssets\Revit\RevitContent\CentralHealthLibrary\_Kinship\Medical & Laboratory Equipment (MM)\Rack_AV_MMOP_060.rfa,Electrical Equipment
Scales_Electronic_Chair_MMGE_089,\\bvn\data\studio\SharedAssets\Revit\RevitContent\CentralHealthLibrary\_Kinship\Medical & Laboratory Equipment (MM)\Scales_Electronic_Chair_MMGE_089.rfa,Furniture
Scales_Wheelchair_Sit or Stand_Fixed_MMGE_636,\\bvn\data\studio\SharedAssets\Revit\RevitContent\CentralHealthLibrary\_Kinship\Medical & Laboratory Equipment (MM)\Scales_Wheelchair_Sit or Stand_Fixed_MMGE_636.rfa,Furniture
Scales_Wheelchair_Sit or Stand_Mobile_MMGE_571,\\bvn\data\studio\SharedAssets\Revit\RevitContent\CentralHealthLibrary\_Kinship\Medical & Laboratory Equipment (MM)\Scales_Wheelchair_Sit or Stand_Mobile_MMGE_571.rfa,Furniture
System_Imaging_SinglePlane_Ceiling_Interventional_Procedure_MMMI_387_1,\\bvn\data\studio\SharedAssets\Revit\RevitContent\CentralHealthLibrary\_Kinship\Medical & Laboratory Equipment (MM)\System_Imaging_SinglePlane_Ceiling_Interventional_Procedure_MMMI_387_1.rfa,Specialty Equipment
Device_Imaging_UltrasoundScanningUnit_MMMI_329,\\bvn\data\studio\SharedAssets\Revit\RevitContent\CentralHealthLibrary\_Kinship\Medical & Laboratory Equipment (MM)\Device_Imaging_UltrasoundScanningUnit_MMMI_329.rfa,Specialty Equipment
Ventilator_Transport_MMHA_543,\\bvn\data\studio\SharedAssets\Revit\RevitContent\CentralHealthLibrary\_Kinship\Medical & Laboratory Equipment (MM)\Ventilator_Transport_MMHA_543.rfa,Specialty Equipment
Defibrillator_External_Manual_transport_MMHA_507,\\bvn\data\studio\SharedAssets\Revit\RevitContent\CentralHealthLibrary\_Kinship\Medical & Laboratory Equipment (MM)\Defibrillator_External_Manual_transport_MMHA_507.rfa,Specialty Equipment
Lifter_Patient_CeilingMounted_Track_TransferGate_MMBE_520,\\bvn\data\studio\SharedAssets\Revit\RevitContent\CentralHealthLibrary\_Kinship\Medical & Laboratory Equipment (MM)\Lifter_Patient_CeilingMounted_Track_TransferGate_MMBE_520.rfa,Specialty Equipment
Defibrillator_External_Manual_MRI_MMHA_562,\\bvn\data\studio\SharedAssets\Revit\RevitContent\CentralHealthLibrary\_Kinship\Medical & Laboratory Equipment (MM)\Defibrillator_External_Manual_MRI_MMHA_562.rfa,Specialty Equipment
Light_DualArm_LargeLight_Monitor_Clinical Camera_MMSP_502,\\bvn\data\studio\SharedAssets\Revit\RevitContent\CentralHealthLibrary\_Kinship\Medical & Laboratory Equipment (MM)\Light_DualArm_LargeLight_Monitor_Clinical Camera_MMSP_502.rfa,Lighting Devices
System_Imaging_DualPlane_Ceiling_Cath Lab_MMMI_385_2,\\bvn\data\studio\SharedAssets\Revit\RevitContent\CentralHealthLibrary\_Kinship\Medical & Laboratory Equipment (MM)\System_Imaging_DualPlane_Ceiling_Cath Lab_MMMI_385_2.rfa,Specialty Equipment
System_Imaging_DualPlane_Ceiling_Angiography_MMMI_385_1,\\bvn\data\studio\SharedAssets\Revit\RevitContent\CentralHealthLibrary\_Kinship\Medical & Laboratory Equipment (MM)\System_Imaging_DualPlane_Ceiling_Angiography_MMMI_385_1.rfa,Specialty Equipment
Machine_Electrosurgical_Diathermy_MMOP_043,\\bvn\data\studio\SharedAssets\Revit\RevitContent\CentralHealthLibrary\_Kinship\Medical & Laboratory Equipment (MM)\Machine_Electrosurgical_Diathermy_MMOP_043.rfa,Specialty Equipment
System_Imaging_XRay_GeneralPurpose_MMMI_292,\\bvn\data\studio\SharedAssets\Revit\RevitContent\CentralHealthLibrary\_Kinship\Medical & Laboratory Equipment (MM)\System_Imaging_XRay_GeneralPurpose_MMMI_292.rfa,Specialty Equipment
DiagnosticSet_Chordless_WallMounted_MMGE_803,\\bvn\data\studio\SharedAssets\Revit\RevitContent\CentralHealthLibrary\_Kinship\Medical & Laboratory Equipment (MM)\DiagnosticSet_Chordless_WallMounted_MMGE_803.rfa,Specialty Equipment
Defibrillator_Cardioversion_MMHA_544,\\bvn\data\studio\SharedAssets\Revit\RevitContent\CentralHealthLibrary\_Kinship\Medical & Laboratory Equipment (MM)\Defibrillator_Cardioversion_MMHA_544.rfa,Specialty Equipment
Light_Operating_Single_550_MMSP_029,\\bvn\data\studio\SharedAssets\Revit\RevitContent\CentralHealthLibrary\_Kinship\Medical & Laboratory Equipment (MM)\Light_Operating_Single_550_MMSP_029.rfa,Lighting Devices
HeatSealer_Electric_BenchMounted_MMLA_505,\\bvn\data\studio\SharedAssets\Revit\RevitContent\CentralHealthLibrary\_Kinship\Medical & Laboratory Equipment (MM)\HeatSealer_Electric_BenchMounted_MMLA_505.rfa,Specialty Equipment
Light_Operating_Single_950_MMSP_030,\\bvn\data\studio\SharedAssets\Revit\RevitContent\CentralHealthLibrary\_Kinship\Medical & Laboratory Equipment (MM)\Light_Operating_Single_950_MMSP_030.rfa,Lighting Devices
Ventilator_Neonatal_MMHA_025,\\bvn\data\studio\SharedAssets\Revit\RevitContent\CentralHealthLibrary\_Kinship\Medical & Laboratory Equipment (MM)\Ventilator_Neonatal_MMHA_025.rfa,Specialty Equipment
Ventilator_MMHA_023,\\bvn\data\studio\SharedAssets\Revit\RevitContent\CentralHealthLibrary\_Kinship\Medical & Laboratory Equipment (MM)\Ventilator_MMHA_023.rfa,Specialty Equipment
Trolley_Equipment_Continuous_Positive Airway Pressure_Bubble_CPAP_MMGE_781,\\bvn\data\studio\SharedAssets\Revit\RevitContent\CentralHealthLibrary\_Kinship\Medical & Laboratory Equipment (MM)\Trolley_Equipment_Continuous_Positive Airway Pressure_Bubble_CPAP_MMGE_781.rfa,Furniture
Scales_Electronic_Infant_MMAH_515,\\bvn\data\studio\SharedAssets\Revit\RevitContent\CentralHealthLibrary\_Kinship\Medical & Laboratory Equipment (MM)\Scales_Electronic_Infant_MMAH_515.rfa,Furniture
Suction_TwinOVacUnit_MMHA_016,\\bvn\data\studio\SharedAssets\Revit\RevitContent\CentralHealthLibrary\_Kinship\Medical & Laboratory Equipment (MM)\Suction_TwinOVacUnit_MMHA_016.rfa,Specialty Equipment
Light_Procedure_Single_PendantSecondArm_MMSP_510,\\bvn\data\studio\SharedAssets\Revit\RevitContent\CentralHealthLibrary\_Kinship\Medical & Laboratory Equipment (MM)\Light_Procedure_Single_PendantSecondArm_MMSP_510.rfa,Lighting Devices
Light_Operating_2Arm_950_550_MMSP_028,\\bvn\data\studio\SharedAssets\Revit\RevitContent\CentralHealthLibrary\_Kinship\Medical & Laboratory Equipment (MM)\Light_Operating_2Arm_950_550_MMSP_028.rfa,Lighting Devices
Light_DualArm_SmallLight_And_Monitor_MMSP_501,\\bvn\data\studio\SharedAssets\Revit\RevitContent\CentralHealthLibrary\_Kinship\Medical & Laboratory Equipment (MM)\Light_DualArm_SmallLight_And_Monitor_MMSP_501.rfa,Lighting Devices
Shield_Radiation_UpperBody_CeilingMounted_MMMI_390,\\bvn\data\studio\SharedAssets\Revit\RevitContent\CentralHealthLibrary\_Kinship\Medical & Laboratory Equipment (MM)\Shield_Radiation_UpperBody_CeilingMounted_MMMI_390.rfa,Specialty Equipment
Injector_CT_CeilingMounted_MMMI_500,\\bvn\data\studio\SharedAssets\Revit\RevitContent\CentralHealthLibrary\_Kinship\Medical & Laboratory Equipment (MM)\Injector_CT_CeilingMounted_MMMI_500.rfa,Specialty Equipment
SealingUnit_RotaryHeat_MMIC_049,\\bvn\data\studio\SharedAssets\Revit\RevitContent\CentralHealthLibrary\_Kinship\Medical & Laboratory Equipment (MM)\SealingUnit_RotaryHeat_MMIC_049.rfa,Specialty Equipment
Sling_Arm_Dynamic_CeilingMounted_MMGE_169,\\bvn\data\studio\SharedAssets\Revit\RevitContent\CentralHealthLibrary\_Kinship\Medical & Laboratory Equipment (MM)\Sling_Arm_Dynamic_CeilingMounted_MMGE_169.rfa,Specialty Equipment
Stand_Ceiling_With Traverse Bridge_XRay_MMMI_289,\\bvn\data\studio\SharedAssets\Revit\RevitContent\CentralHealthLibrary\_Kinship\Medical & Laboratory Equipment (MM)\Stand_Ceiling_With Traverse Bridge_XRay_MMMI_289.rfa,Specialty Equipment
Injector_Contrast_CT_CeilingMounted_MMMI_107,\\bvn\data\studio\SharedAssets\Revit\RevitContent\CentralHealthLibrary\_Kinship\Medical & Laboratory Equipment (MM)\Injector_Contrast_CT_CeilingMounted_MMMI_107.rfa,Specialty Equipment
WallProtection_CornerGuards_WLPR_XXX,\\bvn\data\studio\SharedAssets\Revit\RevitContent\CentralHealthLibrary\_Kinship\Walls & Wall Finishes (WL)\WallProtection_CornerGuards_WLPR_XXX.rfa,Generic Models
JOI_KOP_Shelf_Array_TallCupboards_CAS,\\bvn\data\studio\SharedAssets\Revit\RevitContent\CentralHealthLibrary\_Kinship\_Health Families Components\Casework\JOI_KOP_Shelf_Array_TallCupboards_CAS.rfa,Casework
JOI_KOP_Shelf_Array_UnderBenchCupboards_CAS,\\bvn\data\studio\SharedAssets\Revit\RevitContent\CentralHealthLibrary\_Kinship\_Health Families Components\Casework\JOI_KOP_Shelf_Array_UnderBenchCupboards_CAS.rfa,Casework
JOI_KOP_Shelf_Array_WallMountedCupboards_CAS,\\bvn\data\studio\SharedAssets\Revit\RevitContent\CentralHealthLibrary\_Kinship\_Health Families Components\Casework\JOI_KOP_Shelf_Array_WallMountedCupboards_CAS.rfa,Casework
Might Mouse,\\bvn\data\studio\SharedAssets\Revit\RevitContent\CentralHealthLibrary\_Kinship\_Health Families Components\Electrical Equipment\Might Mouse.rfa,Electrical Equipment
Camera,\\bvn\data\studio\SharedAssets\Revit\RevitContent\CentralHealthLibrary\_Kinship\_Health Families Components\Electrical Fixtures\Camera.rfa,Electrical Fixtures
Rack bottle,\\bvn\data\studio\SharedAssets\Revit\RevitContent\CentralHealthLibrary\_Kinship\_Health Families Components\Furniture\Rack bottle.rfa,Furniture
Rack,\\bvn\data\studio\SharedAssets\Revit\RevitContent\CentralHealthLibrary\_Kinship\_Health Families Components\Furniture\Rack.rfa,Furniture
Exclusion_Zone_GEN,\\bvn\data\studio\SharedAssets\Revit\RevitContent\CentralHealthLibrary\_Kinship\_Health Families Components\Generic Models\Exclusion_Zone_GEN.rfa,Generic Models
FE-11400,\\bvn\data\studio\SharedAssets\Revit\RevitContent\CentralHealthLibrary\_Kinship\_Health Families Components\Generic Models\FE-11400.rfa,Generic Models
FE-35960,\\bvn\data\studio\SharedAssets\Revit\RevitContent\CentralHealthLibrary\_Kinship\_Health Families Components\Generic Models\FE-35960.rfa,Generic Models
34188_743500W_BK_File_Rfa_149372_ori_2016May24085228,\\bvn\data\studio\SharedAssets\Revit\RevitContent\CentralHealthLibrary\_Kinship\_Health Families Components\Plumbing Fixtures\34188_743500W_BK_File_Rfa_149372_ori_2016May24085228.rfa,Plumbing Fixtures
4257_632410W_BK_File_Rfa_Basin-Caroma_Opal_920_LH_Wall_Vanity,\\bvn\data\studio\SharedAssets\Revit\RevitContent\CentralHealthLibrary\_Kinship\_Health Families Components\Plumbing Fixtures\4257_632410W_BK_File_Rfa_Basin-Caroma_Opal_920_LH_Wall_Vanity.rfa,Plumbing Fixtures
43854_Basin-Wall-Caroma Care 600,\\bvn\data\studio\SharedAssets\Revit\RevitContent\CentralHealthLibrary\_Kinship\_Health Families Components\Plumbing Fixtures\43854_Basin-Wall-Caroma Care 600.rfa,Plumbing Fixtures
44034_Caroma-Opal-920-Wall-Basin-RH-Shelfrfa-1,\\bvn\data\studio\SharedAssets\Revit\RevitContent\CentralHealthLibrary\_Kinship\_Health Families Components\Plumbing Fixtures\44034_Caroma-Opal-920-Wall-Basin-RH-Shelfrfa-1.rfa,Plumbing Fixtures
44511_Caroma-Care-700-Shelf-RH-Wall-Basin,\\bvn\data\studio\SharedAssets\Revit\RevitContent\CentralHealthLibrary\_Kinship\_Health Families Components\Plumbing Fixtures\44511_Caroma-Care-700-Shelf-RH-Wall-Basin.rfa,Plumbing Fixtures
44512_Caroma-Care-700-Shelf-LH-Wall-Basin,\\bvn\data\studio\SharedAssets\Revit\RevitContent\CentralHealthLibrary\_Kinship\_Health Families Components\Plumbing Fixtures\44512_Caroma-Care-700-Shelf-LH-Wall-Basin.rfa,Plumbing Fixtures
Bain_Caroma_Medical,\\bvn\data\studio\SharedAssets\Revit\RevitContent\CentralHealthLibrary\_Kinship\_Health Families Components\Plumbing Fixtures\Bain_Caroma_Medical.rfa,Plumbing Fixtures
Basin-Caroma Opal Shroud,\\bvn\data\studio\SharedAssets\Revit\RevitContent\CentralHealthLibrary\_Kinship\_Health Families Components\Plumbing Fixtures\Basin-Caroma Opal Shroud.rfa,Plumbing Fixtures
Basin-Caroma Opal Shroud_Not Shared,\\bvn\data\studio\SharedAssets\Revit\RevitContent\CentralHealthLibrary\_Kinship\_Health Families Components\Plumbing Fixtures\Basin-Caroma Opal Shroud_Not Shared.rfa,Plumbing Fixtures
Basin-Caroma Opal Shroud_UNShared,\\bvn\data\studio\SharedAssets\Revit\RevitContent\CentralHealthLibrary\_Kinship\_Health Families Components\Plumbing Fixtures\Basin-Caroma Opal Shroud_UNShared.rfa,Plumbing Fixtures
Basin-Shroud-Caroma Opal_Not Shared,\\bvn\data\studio\SharedAssets\Revit\RevitContent\CentralHealthLibrary\_Kinship\_Health Families Components\Plumbing Fixtures\Basin-Shroud-Caroma Opal_Not Shared.rfa,Plumbing Fixtures
Basin_Caroma_Opal_720_LeftShelf_BottleTrap,\\bvn\data\studio\SharedAssets\Revit\RevitContent\CentralHealthLibrary\_Kinship\_Health Families Components\Plumbing Fixtures\Basin_Caroma_Opal_720_LeftShelf_BottleTrap.rfa,Plumbing Fixtures
Basin_Caroma_Opal_920Shelf,\\bvn\data\studio\SharedAssets\Revit\RevitContent\CentralHealthLibrary\_Kinship\_Health Families Components\Plumbing Fixtures\Basin_Caroma_Opal_920Shelf.rfa,Plumbing Fixtures
Basin_Caroma_Sole_Semi_Recessed,\\bvn\data\studio\SharedAssets\Revit\RevitContent\CentralHealthLibrary\_Kinship\_Health Families Components\Plumbing Fixtures\Basin_Caroma_Sole_Semi_Recessed.rfa,Plumbing Fixtures
Caroma_Opal_510_Wall_Basin,\\bvn\data\studio\SharedAssets\Revit\RevitContent\CentralHealthLibrary\_Kinship\_Health Families Components\Plumbing Fixtures\Caroma_Opal_510_Wall_Basin.rfa,Plumbing Fixtures
Caroma_Opal_720_LH_Shelf_Wall_Basin,\\bvn\data\studio\SharedAssets\Revit\RevitContent\CentralHealthLibrary\_Kinship\_Health Families Components\Plumbing Fixtures\Caroma_Opal_720_LH_Shelf_Wall_Basin.rfa,Plumbing Fixtures
Caroma_Opal_720_RH_Shelf_Wall_Basin,\\bvn\data\studio\SharedAssets\Revit\RevitContent\CentralHealthLibrary\_Kinship\_Health Families Components\Plumbing Fixtures\Caroma_Opal_720_RH_Shelf_Wall_Basin.rfa,Plumbing Fixtures
PlumbingFixture_Basin_Britex_HBGU,\\bvn\data\studio\SharedAssets\Revit\RevitContent\CentralHealthLibrary\_Kinship\_Health Families Components\Plumbing Fixtures\PlumbingFixture_Basin_Britex_HBGU.rfa,Plumbing Fixtures
PlumbingFixture_Security_Combination-Unit_Britex_SCU90S,\\bvn\data\studio\SharedAssets\Revit\RevitContent\CentralHealthLibrary\_Kinship\_Health Families Components\Plumbing Fixtures\PlumbingFixture_Security_Combination-Unit_Britex_SCU90S.rfa,Plumbing Fixtures
SANH560,\\bvn\data\studio\SharedAssets\Revit\RevitContent\CentralHealthLibrary\_Kinship\_Health Families Components\Plumbing Fixtures\SANH560.rfa,Plumbing Fixtures
SANH610,\\bvn\data\studio\SharedAssets\Revit\RevitContent\CentralHealthLibrary\_Kinship\_Health Families Components\Plumbing Fixtures\SANH610.rfa,Plumbing Fixtures
SANH710BL_1,\\bvn\data\studio\SharedAssets\Revit\RevitContent\CentralHealthLibrary\_Kinship\_Health Families Components\Plumbing Fixtures\SANH710BL_1.rfa,Plumbing Fixtures
SANH710BR_1,\\bvn\data\studio\SharedAssets\Revit\RevitContent\CentralHealthLibrary\_Kinship\_Health Families Components\Plumbing Fixtures\SANH710BR_1.rfa,Plumbing Fixtures
SANH710BR_2,\\bvn\data\studio\SharedAssets\Revit\RevitContent\CentralHealthLibrary\_Kinship\_Health Families Components\Plumbing Fixtures\SANH710BR_2.rfa,Plumbing Fixtures
Taps_Caroma_Gseries+_160outlet_150Handles_G53350C4A_PLU,\\bvn\data\studio\SharedAssets\Revit\RevitContent\CentralHealthLibrary\_Kinship\_Health Families Components\Plumbing Fixtures\Taps_Caroma_Gseries+_160outlet_150Handles_G53350C4A_PLU.rfa,Plumbing Fixtures
Taps_WallMounted,\\bvn\data\studio\SharedAssets\Revit\RevitContent\CentralHealthLibrary\_Kinship\_Health Families Components\Plumbing Fixtures\Taps_WallMounted.rfa,Plumbing Fixtures
Toilet_Stylus_Venecia_WallFaced,\\bvn\data\studio\SharedAssets\Revit\RevitContent\CentralHealthLibrary\_Kinship\_Health Families Components\Plumbing Fixtures\Toilet_Stylus_Venecia_WallFaced.rfa,Plumbing Fixtures
Waste1,\\bvn\data\studio\SharedAssets\Revit\RevitContent\CentralHealthLibrary\_Kinship\_Health Families Components\Plumbing Fixtures\Waste1.rfa,Plumbing Fixtures
Waste2,\\bvn\data\studio\SharedAssets\Revit\RevitContent\CentralHealthLibrary\_Kinship\_Health Families Components\Plumbing Fixtures\Waste2.rfa,Plumbing Fixtures
X_Roll_Holder,\\bvn\data\studio\SharedAssets\Revit\RevitContent\CentralHealthLibrary\_Kinship\_Health Families Components\Plumbing Fixtures\X_Roll_Holder.rfa,Plumbing Fixtures
Connex_Integrated_Wall_System,\\bvn\data\studio\SharedAssets\Revit\RevitContent\CentralHealthLibrary\_Kinship\_Health Families Components\Specialty Equipment\Connex_Integrated_Wall_System.rfa,Specialty Equipment
Family6,\\bvn\data\studio\SharedAssets\Revit\RevitContent\CentralHealthLibrary\_Kinship\_Health Families Components\Specialty Equipment\Family6.rfa,Specialty Equipment
Might Mouse,\\bvn\data\studio\SharedAssets\Revit\RevitContent\CentralHealthLibrary\_Kinship\_Health Families Components\Specialty Equipment\Might Mouse.rfa,Specialty Equipment
SUCTION ADAPTER,\\bvn\data\studio\SharedAssets\Revit\RevitContent\CentralHealthLibrary\_Kinship\_Health Families Components\Specialty Equipment\SUCTION ADAPTER.rfa,Specialty Equipment
SUCTION BOTTLE,\\bvn\data\studio\SharedAssets\Revit\RevitContent\CentralHealthLibrary\_Kinship\_Health Families Components\Specialty Equipment\SUCTION BOTTLE.rfa,Specialty Equipment
